-- app : crudx_sys_dept -- start --
-- view : cx_sys_dept -- start --
-- view - rva_viewproperty : cx_sys_dept -- start --
delete from rva_viewproperty where view_id = 'cx_sys_dept';
INSERT INTO rva_viewproperty
(`id`, `name`, `type`, `idx`, `prop_id`, `prop_sub_id`, `relation_id`, `width`, `height`, `form_init_value`, `form_init_replace_empty`, `form_init_replace`, `form_submit_value`, `form_submit_replace_empty`, `form_submit_replace`, `form_submit`, `form_row_span`, `form_col_span`, `form_required`, `form_value_max`, `form_value_min`, `form_readonly`, `form_related_crud`, `form_selector_single`, `form_inputor_search`, `form_inputor_data`, `form_filter_prop`, `form_filter_value`, `list_order_type`, `list_order_idx`, `list_sql`, `list_expression`, `list_buttons`, `search_filter`, `search_type`, `search_expression`, `number_scale`, `dict_type`, `view_id`, `data`)
VALUES ('cx_sys_dept_dept_id', '部门id', 'hidden', '0', 'sys_dept_dept_id', null, null, '0', '0', null, 'Y', 'N', null, 'N', 'N', 'Y', '1', '1', 'N', null, null, 'N', null, 'Y', null, null, null, null, 'ASC', '-1', null, null, null, 'N', null, null, '0', null, 'cx_sys_dept', null);
INSERT INTO rva_viewproperty
(`id`, `name`, `type`, `idx`, `prop_id`, `prop_sub_id`, `relation_id`, `width`, `height`, `form_init_value`, `form_init_replace_empty`, `form_init_replace`, `form_submit_value`, `form_submit_replace_empty`, `form_submit_replace`, `form_submit`, `form_row_span`, `form_col_span`, `form_required`, `form_value_max`, `form_value_min`, `form_readonly`, `form_related_crud`, `form_selector_single`, `form_inputor_search`, `form_inputor_data`, `form_filter_prop`, `form_filter_value`, `list_order_type`, `list_order_idx`, `list_sql`, `list_expression`, `list_buttons`, `search_filter`, `search_type`, `search_expression`, `number_scale`, `dict_type`, `view_id`, `data`)
VALUES ('cx_sys_dept_ancestors', '祖级列表', 'hidden', '1', 'sys_dept_ancestors', null, null, '0', '0', null, 'Y', 'N', null, 'N', 'N', 'Y', '1', '1', 'N', '50', '0', 'N', null, 'Y', null, null, null, null, 'ASC', '-1', null, null, null, 'N', null, null, '0', null, 'cx_sys_dept', '{\"textareaRows\": \"0\", \"selectAllowCreate\": \"N\", \"selectorOptionEditable\": \"N\"}');
INSERT INTO rva_viewproperty
(`id`, `name`, `type`, `idx`, `prop_id`, `prop_sub_id`, `relation_id`, `width`, `height`, `form_init_value`, `form_init_replace_empty`, `form_init_replace`, `form_submit_value`, `form_submit_replace_empty`, `form_submit_replace`, `form_submit`, `form_row_span`, `form_col_span`, `form_required`, `form_value_max`, `form_value_min`, `form_readonly`, `form_related_crud`, `form_selector_single`, `form_inputor_search`, `form_inputor_data`, `form_filter_prop`, `form_filter_value`, `list_order_type`, `list_order_idx`, `list_sql`, `list_expression`, `list_buttons`, `search_filter`, `search_type`, `search_expression`, `number_scale`, `dict_type`, `view_id`, `data`)
VALUES ('cx_sys_dept_parent_id', '上级部门', 'depttree', '2', 'sys_dept_parent_id', null, null, '0', '0', '0', 'Y', 'N', null, 'N', 'N', 'Y', '1', '2', 'Y', null, null, 'N', null, 'Y', null, null, null, null, 'ASC', '-1', null, null, null, 'N', null, null, '0', null, 'cx_sys_dept', '{\"textareaRows\": \"0\", \"selectAllowCreate\": \"N\", \"selectorOptionEditable\": \"N\"}');
INSERT INTO rva_viewproperty
(`id`, `name`, `type`, `idx`, `prop_id`, `prop_sub_id`, `relation_id`, `width`, `height`, `form_init_value`, `form_init_replace_empty`, `form_init_replace`, `form_submit_value`, `form_submit_replace_empty`, `form_submit_replace`, `form_submit`, `form_row_span`, `form_col_span`, `form_required`, `form_value_max`, `form_value_min`, `form_readonly`, `form_related_crud`, `form_selector_single`, `form_inputor_search`, `form_inputor_data`, `form_filter_prop`, `form_filter_value`, `list_order_type`, `list_order_idx`, `list_sql`, `list_expression`, `list_buttons`, `search_filter`, `search_type`, `search_expression`, `number_scale`, `dict_type`, `view_id`, `data`)
VALUES ('cx_sys_dept_dept_name', '部门名称', 'textfield', '3', 'sys_dept_dept_name', null, null, '0', '0', null, 'Y', 'N', null, 'N', 'N', 'Y', '1', '1', 'Y', '30', '0', 'N', null, 'Y', null, null, null, null, 'ASC', '-1', null, null, null, 'N', null, null, '0', null, 'cx_sys_dept', '{\"textareaRows\": \"0\", \"selectAllowCreate\": \"N\", \"selectorOptionEditable\": \"N\"}');
INSERT INTO rva_viewproperty
(`id`, `name`, `type`, `idx`, `prop_id`, `prop_sub_id`, `relation_id`, `width`, `height`, `form_init_value`, `form_init_replace_empty`, `form_init_replace`, `form_submit_value`, `form_submit_replace_empty`, `form_submit_replace`, `form_submit`, `form_row_span`, `form_col_span`, `form_required`, `form_value_max`, `form_value_min`, `form_readonly`, `form_related_crud`, `form_selector_single`, `form_inputor_search`, `form_inputor_data`, `form_filter_prop`, `form_filter_value`, `list_order_type`, `list_order_idx`, `list_sql`, `list_expression`, `list_buttons`, `search_filter`, `search_type`, `search_expression`, `number_scale`, `dict_type`, `view_id`, `data`)
VALUES ('cx_sys_dept_type', '类型', 'select', '4', 'sys_dept_type', null, null, '0', '0', '4', 'Y', 'N', null, 'N', 'N', 'Y', '2', '2', 'Y', '20', '0', 'N', null, 'Y', null, null, null, null, 'ASC', '-1', null, null, null, 'N', null, null, '0', 'sys_dept_leixing', 'cx_sys_dept', '{\"textareaRows\": \"0\", \"selectAllowCreate\": \"N\", \"selectorOptionEditable\": \"N\"}');
INSERT INTO rva_viewproperty
(`id`, `name`, `type`, `idx`, `prop_id`, `prop_sub_id`, `relation_id`, `width`, `height`, `form_init_value`, `form_init_replace_empty`, `form_init_replace`, `form_submit_value`, `form_submit_replace_empty`, `form_submit_replace`, `form_submit`, `form_row_span`, `form_col_span`, `form_required`, `form_value_max`, `form_value_min`, `form_readonly`, `form_related_crud`, `form_selector_single`, `form_inputor_search`, `form_inputor_data`, `form_filter_prop`, `form_filter_value`, `list_order_type`, `list_order_idx`, `list_sql`, `list_expression`, `list_buttons`, `search_filter`, `search_type`, `search_expression`, `number_scale`, `dict_type`, `view_id`, `data`)
VALUES ('cx_sys_dept_order_num', '显示顺序', 'numberfield', '5', 'sys_dept_order_num', null, null, '0', '0', '0', 'Y', 'N', null, 'N', 'N', 'Y', '1', '1', 'Y', '9999', '0', 'N', null, 'Y', null, null, null, null, 'ASC', '-1', null, null, null, 'N', null, null, '0', null, 'cx_sys_dept', '{\"textareaRows\": \"0\", \"selectAllowCreate\": \"N\", \"selectorOptionEditable\": \"N\"}');
INSERT INTO rva_viewproperty
(`id`, `name`, `type`, `idx`, `prop_id`, `prop_sub_id`, `relation_id`, `width`, `height`, `form_init_value`, `form_init_replace_empty`, `form_init_replace`, `form_submit_value`, `form_submit_replace_empty`, `form_submit_replace`, `form_submit`, `form_row_span`, `form_col_span`, `form_required`, `form_value_max`, `form_value_min`, `form_readonly`, `form_related_crud`, `form_selector_single`, `form_inputor_search`, `form_inputor_data`, `form_filter_prop`, `form_filter_value`, `list_order_type`, `list_order_idx`, `list_sql`, `list_expression`, `list_buttons`, `search_filter`, `search_type`, `search_expression`, `number_scale`, `dict_type`, `view_id`, `data`)
VALUES ('cx_sys_dept_leader', '负责人', 'textfield', '6', 'sys_dept_leader', null, null, '0', '0', null, 'Y', 'N', null, 'N', 'N', 'Y', '1', '1', 'N', '20', '0', 'N', null, 'Y', null, null, null, null, 'ASC', '-1', null, null, null, 'N', null, null, '0', null, 'cx_sys_dept', null);
INSERT INTO rva_viewproperty
(`id`, `name`, `type`, `idx`, `prop_id`, `prop_sub_id`, `relation_id`, `width`, `height`, `form_init_value`, `form_init_replace_empty`, `form_init_replace`, `form_submit_value`, `form_submit_replace_empty`, `form_submit_replace`, `form_submit`, `form_row_span`, `form_col_span`, `form_required`, `form_value_max`, `form_value_min`, `form_readonly`, `form_related_crud`, `form_selector_single`, `form_inputor_search`, `form_inputor_data`, `form_filter_prop`, `form_filter_value`, `list_order_type`, `list_order_idx`, `list_sql`, `list_expression`, `list_buttons`, `search_filter`, `search_type`, `search_expression`, `number_scale`, `dict_type`, `view_id`, `data`)
VALUES ('cx_sys_dept_phone', '联系电话', 'textfield', '7', 'sys_dept_phone', null, null, '0', '0', null, 'Y', 'N', null, 'N', 'N', 'Y', '1', '1', 'N', '11', '0', 'N', null, 'Y', null, null, null, null, 'ASC', '-1', null, null, null, 'N', null, null, '0', null, 'cx_sys_dept', null);
INSERT INTO rva_viewproperty
(`id`, `name`, `type`, `idx`, `prop_id`, `prop_sub_id`, `relation_id`, `width`, `height`, `form_init_value`, `form_init_replace_empty`, `form_init_replace`, `form_submit_value`, `form_submit_replace_empty`, `form_submit_replace`, `form_submit`, `form_row_span`, `form_col_span`, `form_required`, `form_value_max`, `form_value_min`, `form_readonly`, `form_related_crud`, `form_selector_single`, `form_inputor_search`, `form_inputor_data`, `form_filter_prop`, `form_filter_value`, `list_order_type`, `list_order_idx`, `list_sql`, `list_expression`, `list_buttons`, `search_filter`, `search_type`, `search_expression`, `number_scale`, `dict_type`, `view_id`, `data`)
VALUES ('cx_sys_dept_email', '邮箱', 'textfield', '8', 'sys_dept_email', null, null, '0', '0', null, 'Y', 'N', null, 'N', 'N', 'Y', '1', '1', 'N', '50', '0', 'N', null, 'Y', null, null, null, null, 'ASC', '-1', null, null, null, 'N', null, null, '0', null, 'cx_sys_dept', null);
INSERT INTO rva_viewproperty
(`id`, `name`, `type`, `idx`, `prop_id`, `prop_sub_id`, `relation_id`, `width`, `height`, `form_init_value`, `form_init_replace_empty`, `form_init_replace`, `form_submit_value`, `form_submit_replace_empty`, `form_submit_replace`, `form_submit`, `form_row_span`, `form_col_span`, `form_required`, `form_value_max`, `form_value_min`, `form_readonly`, `form_related_crud`, `form_selector_single`, `form_inputor_search`, `form_inputor_data`, `form_filter_prop`, `form_filter_value`, `list_order_type`, `list_order_idx`, `list_sql`, `list_expression`, `list_buttons`, `search_filter`, `search_type`, `search_expression`, `number_scale`, `dict_type`, `view_id`, `data`)
VALUES ('cx_sys_dept_status', '部门状态', 'radio', '9', 'sys_dept_status', null, null, '0', '0', '0', 'Y', 'N', null, 'N', 'N', 'Y', '1', '1', 'N', '1', '0', 'N', null, 'Y', null, null, null, null, 'ASC', '-1', null, null, null, 'N', null, null, '0', 'sys_dept_bumenzhuangtai', 'cx_sys_dept', '{\"textareaRows\": \"0\", \"selectAllowCreate\": \"N\", \"selectorOptionEditable\": \"N\"}');
INSERT INTO rva_viewproperty
(`id`, `name`, `type`, `idx`, `prop_id`, `prop_sub_id`, `relation_id`, `width`, `height`, `form_init_value`, `form_init_replace_empty`, `form_init_replace`, `form_submit_value`, `form_submit_replace_empty`, `form_submit_replace`, `form_submit`, `form_row_span`, `form_col_span`, `form_required`, `form_value_max`, `form_value_min`, `form_readonly`, `form_related_crud`, `form_selector_single`, `form_inputor_search`, `form_inputor_data`, `form_filter_prop`, `form_filter_value`, `list_order_type`, `list_order_idx`, `list_sql`, `list_expression`, `list_buttons`, `search_filter`, `search_type`, `search_expression`, `number_scale`, `dict_type`, `view_id`, `data`)
VALUES ('cx_sys_dept_del_flag', '删除标志', 'hidden', '10', 'sys_dept_del_flag', null, null, '0', '0', '0', 'Y', 'N', null, 'N', 'N', 'Y', '1', '1', 'N', '1', '0', 'N', null, 'Y', null, null, null, null, 'ASC', '-1', null, null, null, 'N', null, null, '0', 'sys_dept_shanchubiaozhi', 'cx_sys_dept', '{\"textareaRows\": \"0\", \"selectAllowCreate\": \"N\", \"selectorOptionEditable\": \"N\"}');
INSERT INTO rva_viewproperty
(`id`, `name`, `type`, `idx`, `prop_id`, `prop_sub_id`, `relation_id`, `width`, `height`, `form_init_value`, `form_init_replace_empty`, `form_init_replace`, `form_submit_value`, `form_submit_replace_empty`, `form_submit_replace`, `form_submit`, `form_row_span`, `form_col_span`, `form_required`, `form_value_max`, `form_value_min`, `form_readonly`, `form_related_crud`, `form_selector_single`, `form_inputor_search`, `form_inputor_data`, `form_filter_prop`, `form_filter_value`, `list_order_type`, `list_order_idx`, `list_sql`, `list_expression`, `list_buttons`, `search_filter`, `search_type`, `search_expression`, `number_scale`, `dict_type`, `view_id`, `data`)
VALUES ('cx_sys_dept_create_by', '创建者', 'hidden', '11', 'sys_dept_create_by', null, null, '0', '0', '${rvaLoginUser.userId}', 'Y', 'N', null, 'N', 'N', 'Y', '1', '1', 'N', '64', '0', 'N', null, 'Y', null, null, null, null, 'ASC', '-1', null, null, null, 'N', null, null, '0', null, 'cx_sys_dept', null);
INSERT INTO rva_viewproperty
(`id`, `name`, `type`, `idx`, `prop_id`, `prop_sub_id`, `relation_id`, `width`, `height`, `form_init_value`, `form_init_replace_empty`, `form_init_replace`, `form_submit_value`, `form_submit_replace_empty`, `form_submit_replace`, `form_submit`, `form_row_span`, `form_col_span`, `form_required`, `form_value_max`, `form_value_min`, `form_readonly`, `form_related_crud`, `form_selector_single`, `form_inputor_search`, `form_inputor_data`, `form_filter_prop`, `form_filter_value`, `list_order_type`, `list_order_idx`, `list_sql`, `list_expression`, `list_buttons`, `search_filter`, `search_type`, `search_expression`, `number_scale`, `dict_type`, `view_id`, `data`)
VALUES ('cx_sys_dept_create_time', '创建时间', 'hidden', '12', 'sys_dept_create_time', null, null, '0', '0', '${rvaDateUtils.now}', 'Y', 'N', '${rvaDateUtils.now}', 'Y', 'Y', 'Y', '1', '1', 'N', null, null, 'N', null, 'Y', null, null, null, null, 'ASC', '-1', null, null, null, 'N', null, null, '0', null, 'cx_sys_dept', null);
INSERT INTO rva_viewproperty
(`id`, `name`, `type`, `idx`, `prop_id`, `prop_sub_id`, `relation_id`, `width`, `height`, `form_init_value`, `form_init_replace_empty`, `form_init_replace`, `form_submit_value`, `form_submit_replace_empty`, `form_submit_replace`, `form_submit`, `form_row_span`, `form_col_span`, `form_required`, `form_value_max`, `form_value_min`, `form_readonly`, `form_related_crud`, `form_selector_single`, `form_inputor_search`, `form_inputor_data`, `form_filter_prop`, `form_filter_value`, `list_order_type`, `list_order_idx`, `list_sql`, `list_expression`, `list_buttons`, `search_filter`, `search_type`, `search_expression`, `number_scale`, `dict_type`, `view_id`, `data`)
VALUES ('cx_sys_dept_update_by', '更新者', 'hidden', '13', 'sys_dept_update_by', null, null, '0', '0', '${rvaLoginUser.userId}', 'Y', 'N', null, 'N', 'N', 'Y', '1', '1', 'N', '64', '0', 'N', null, 'Y', null, null, null, null, 'ASC', '-1', null, null, null, 'N', null, null, '0', null, 'cx_sys_dept', null);
INSERT INTO rva_viewproperty
(`id`, `name`, `type`, `idx`, `prop_id`, `prop_sub_id`, `relation_id`, `width`, `height`, `form_init_value`, `form_init_replace_empty`, `form_init_replace`, `form_submit_value`, `form_submit_replace_empty`, `form_submit_replace`, `form_submit`, `form_row_span`, `form_col_span`, `form_required`, `form_value_max`, `form_value_min`, `form_readonly`, `form_related_crud`, `form_selector_single`, `form_inputor_search`, `form_inputor_data`, `form_filter_prop`, `form_filter_value`, `list_order_type`, `list_order_idx`, `list_sql`, `list_expression`, `list_buttons`, `search_filter`, `search_type`, `search_expression`, `number_scale`, `dict_type`, `view_id`, `data`)
VALUES ('cx_sys_dept_update_time', '更新时间', 'hidden', '14', 'sys_dept_update_time', null, null, '0', '0', '${rvaDateUtils.now}', 'Y', 'N', '${rvaDateUtils.now}', 'Y', 'Y', 'Y', '1', '1', 'N', null, null, 'N', null, 'Y', null, null, null, null, 'ASC', '-1', null, null, null, 'N', null, null, '0', null, 'cx_sys_dept', null);
-- view - rva_viewproperty : cx_sys_dept -- end --
-- view - rva_viewbutton : cx_sys_dept -- start --
delete from rva_viewbutton where view_id = 'cx_sys_dept';
INSERT INTO rva_viewbutton
(`id`, `name`, `type`, `idx`, `icon`, `cls`, `position`, `readonly_show`, `action`, `action_url`, `action_dialog_view_id`, `action_dialog_app_id`, `action_success`, `action_failure`, `select_type`, `show_if`, `view_id`, `data`)
VALUES ('cx_sys_dept_submit_create', '提交', 'ajax', '0', 'el-icon-check', 'primary', 'form', 'N', null, '/rva/view/cx_sys_dept/submit/create', null, null, 'loadList', null, null, null, 'cx_sys_dept', '{\"cascadeDelete\":\"N\"}');
INSERT INTO rva_viewbutton
(`id`, `name`, `type`, `idx`, `icon`, `cls`, `position`, `readonly_show`, `action`, `action_url`, `action_dialog_view_id`, `action_dialog_app_id`, `action_success`, `action_failure`, `select_type`, `show_if`, `view_id`, `data`)
VALUES ('cx_sys_dept_reset_create', '重置', 'js', '1', 'el-icon-refresh-left', 'warning', 'form', 'N', 'resetView', null, null, null, null, null, null, null, 'cx_sys_dept', '{\"cascadeDelete\":\"N\"}');
INSERT INTO rva_viewbutton
(`id`, `name`, `type`, `idx`, `icon`, `cls`, `position`, `readonly_show`, `action`, `action_url`, `action_dialog_view_id`, `action_dialog_app_id`, `action_success`, `action_failure`, `select_type`, `show_if`, `view_id`, `data`)
VALUES ('cx_sys_dept_close_create', '取消', 'js', '2', 'el-icon-close', null, 'form', 'N', 'closeView', null, null, null, null, null, null, null, 'cx_sys_dept', '{\"cascadeDelete\":\"N\"}');
-- view - rva_viewbutton : cx_sys_dept -- end --
-- view - rva_trigger : cx_sys_dept -- start --
delete from rva_triggeraction where trigger_id in (select id from rva_trigger where view_id = 'cx_sys_dept');
delete from rva_trigger where view_id = 'cx_sys_dept';
-- view - rva_trigger : cx_sys_dept -- end --
-- view - rva_view : cx_sys_dept -- start --
delete from rva_view where id = 'cx_sys_dept';
INSERT INTO rva_view
(`id`, `name`, `type`, `idx`, `width`, `height`, `obj_id`, `load_before_sql`, `load_after_sql`, `load_sql`, `load_where`, `form_columns`, `form_readonly`, `load_url`, `form_submit_url`, `form_submit_before_sql`, `form_submit_after_sql`, `list_rows`, `list_paging`, `data`)
VALUES ('cx_sys_dept', '新建部门表', 'form', '0', '900', '600', 'sys_dept', null, null, null, 'dept.dept_id = \'${selection.get(0)[\'keyPropValue\']}\'', '1', 'N', '/rva/view/cx_sys_dept/load/create', null, null, null, '10', 'Y', null);
-- view - rva_view : cx_sys_dept -- end --
-- view : cx_sys_dept -- end --
-- view : ux_sys_dept -- start --
-- view - rva_viewproperty : ux_sys_dept -- start --
delete from rva_viewproperty where view_id = 'ux_sys_dept';
INSERT INTO rva_viewproperty
(`id`, `name`, `type`, `idx`, `prop_id`, `prop_sub_id`, `relation_id`, `width`, `height`, `form_init_value`, `form_init_replace_empty`, `form_init_replace`, `form_submit_value`, `form_submit_replace_empty`, `form_submit_replace`, `form_submit`, `form_row_span`, `form_col_span`, `form_required`, `form_value_max`, `form_value_min`, `form_readonly`, `form_related_crud`, `form_selector_single`, `form_inputor_search`, `form_inputor_data`, `form_filter_prop`, `form_filter_value`, `list_order_type`, `list_order_idx`, `list_sql`, `list_expression`, `list_buttons`, `search_filter`, `search_type`, `search_expression`, `number_scale`, `dict_type`, `view_id`, `data`)
VALUES ('ux_sys_dept_dept_id', '部门id', 'hidden', '0', 'sys_dept_dept_id', null, null, '0', '0', null, 'Y', 'N', null, 'N', 'N', 'Y', '1', '1', 'Y', null, null, 'Y', null, 'Y', null, null, null, null, 'ASC', '-1', null, null, null, 'N', null, null, '0', null, 'ux_sys_dept', null);
INSERT INTO rva_viewproperty
(`id`, `name`, `type`, `idx`, `prop_id`, `prop_sub_id`, `relation_id`, `width`, `height`, `form_init_value`, `form_init_replace_empty`, `form_init_replace`, `form_submit_value`, `form_submit_replace_empty`, `form_submit_replace`, `form_submit`, `form_row_span`, `form_col_span`, `form_required`, `form_value_max`, `form_value_min`, `form_readonly`, `form_related_crud`, `form_selector_single`, `form_inputor_search`, `form_inputor_data`, `form_filter_prop`, `form_filter_value`, `list_order_type`, `list_order_idx`, `list_sql`, `list_expression`, `list_buttons`, `search_filter`, `search_type`, `search_expression`, `number_scale`, `dict_type`, `view_id`, `data`)
VALUES ('ux_sys_dept_ancestors', '祖级列表', 'hidden', '1', 'sys_dept_ancestors', null, null, '0', '0', null, 'Y', 'N', null, 'N', 'N', 'Y', '1', '1', 'N', '50', '0', 'N', null, 'Y', null, null, null, null, 'ASC', '-1', null, null, null, 'N', null, null, '0', null, 'ux_sys_dept', '{\"textareaRows\": \"0\", \"selectAllowCreate\": \"N\", \"selectorOptionEditable\": \"N\"}');
INSERT INTO rva_viewproperty
(`id`, `name`, `type`, `idx`, `prop_id`, `prop_sub_id`, `relation_id`, `width`, `height`, `form_init_value`, `form_init_replace_empty`, `form_init_replace`, `form_submit_value`, `form_submit_replace_empty`, `form_submit_replace`, `form_submit`, `form_row_span`, `form_col_span`, `form_required`, `form_value_max`, `form_value_min`, `form_readonly`, `form_related_crud`, `form_selector_single`, `form_inputor_search`, `form_inputor_data`, `form_filter_prop`, `form_filter_value`, `list_order_type`, `list_order_idx`, `list_sql`, `list_expression`, `list_buttons`, `search_filter`, `search_type`, `search_expression`, `number_scale`, `dict_type`, `view_id`, `data`)
VALUES ('ux_sys_dept_parent_id', '上级部门', 'depttree', '2', 'sys_dept_parent_id', null, null, '0', '0', '0', 'Y', 'N', null, 'N', 'N', 'Y', '1', '1', 'Y', null, null, 'N', null, 'Y', null, null, null, null, 'ASC', '-1', null, null, null, 'N', null, null, '0', null, 'ux_sys_dept', '{\"textareaRows\": \"0\", \"selectAllowCreate\": \"N\", \"selectorOptionEditable\": \"N\"}');
INSERT INTO rva_viewproperty
(`id`, `name`, `type`, `idx`, `prop_id`, `prop_sub_id`, `relation_id`, `width`, `height`, `form_init_value`, `form_init_replace_empty`, `form_init_replace`, `form_submit_value`, `form_submit_replace_empty`, `form_submit_replace`, `form_submit`, `form_row_span`, `form_col_span`, `form_required`, `form_value_max`, `form_value_min`, `form_readonly`, `form_related_crud`, `form_selector_single`, `form_inputor_search`, `form_inputor_data`, `form_filter_prop`, `form_filter_value`, `list_order_type`, `list_order_idx`, `list_sql`, `list_expression`, `list_buttons`, `search_filter`, `search_type`, `search_expression`, `number_scale`, `dict_type`, `view_id`, `data`)
VALUES ('ux_sys_dept_dept_name', '部门名称', 'textfield', '3', 'sys_dept_dept_name', null, null, '0', '0', null, 'Y', 'N', null, 'N', 'N', 'Y', '1', '1', 'Y', '30', '0', 'N', null, 'Y', null, null, null, null, 'ASC', '-1', null, null, null, 'N', null, null, '0', null, 'ux_sys_dept', '{\"textareaRows\": \"0\", \"selectAllowCreate\": \"N\", \"selectorOptionEditable\": \"N\"}');
INSERT INTO rva_viewproperty
(`id`, `name`, `type`, `idx`, `prop_id`, `prop_sub_id`, `relation_id`, `width`, `height`, `form_init_value`, `form_init_replace_empty`, `form_init_replace`, `form_submit_value`, `form_submit_replace_empty`, `form_submit_replace`, `form_submit`, `form_row_span`, `form_col_span`, `form_required`, `form_value_max`, `form_value_min`, `form_readonly`, `form_related_crud`, `form_selector_single`, `form_inputor_search`, `form_inputor_data`, `form_filter_prop`, `form_filter_value`, `list_order_type`, `list_order_idx`, `list_sql`, `list_expression`, `list_buttons`, `search_filter`, `search_type`, `search_expression`, `number_scale`, `dict_type`, `view_id`, `data`)
VALUES ('ux_sys_dept_type', '类型', 'select', '4', 'sys_dept_type', null, null, '0', '0', '4', 'Y', 'N', null, 'N', 'N', 'Y', '1', '1', 'Y', '20', '0', 'N', null, 'Y', null, null, null, null, 'ASC', '-1', null, null, null, 'N', null, null, '0', 'sys_dept_leixing', 'ux_sys_dept', '{\"textareaRows\": \"0\", \"selectAllowCreate\": \"N\", \"selectorOptionEditable\": \"N\"}');
INSERT INTO rva_viewproperty
(`id`, `name`, `type`, `idx`, `prop_id`, `prop_sub_id`, `relation_id`, `width`, `height`, `form_init_value`, `form_init_replace_empty`, `form_init_replace`, `form_submit_value`, `form_submit_replace_empty`, `form_submit_replace`, `form_submit`, `form_row_span`, `form_col_span`, `form_required`, `form_value_max`, `form_value_min`, `form_readonly`, `form_related_crud`, `form_selector_single`, `form_inputor_search`, `form_inputor_data`, `form_filter_prop`, `form_filter_value`, `list_order_type`, `list_order_idx`, `list_sql`, `list_expression`, `list_buttons`, `search_filter`, `search_type`, `search_expression`, `number_scale`, `dict_type`, `view_id`, `data`)
VALUES ('ux_sys_dept_order_num', '显示顺序', 'numberfield', '5', 'sys_dept_order_num', null, null, '0', '0', '0', 'Y', 'N', null, 'N', 'N', 'Y', '1', '1', 'Y', '9999', '0', 'N', null, 'Y', null, null, null, null, 'ASC', '-1', null, null, null, 'N', null, null, '0', null, 'ux_sys_dept', '{\"textareaRows\": \"0\", \"selectAllowCreate\": \"N\", \"selectorOptionEditable\": \"N\"}');
INSERT INTO rva_viewproperty
(`id`, `name`, `type`, `idx`, `prop_id`, `prop_sub_id`, `relation_id`, `width`, `height`, `form_init_value`, `form_init_replace_empty`, `form_init_replace`, `form_submit_value`, `form_submit_replace_empty`, `form_submit_replace`, `form_submit`, `form_row_span`, `form_col_span`, `form_required`, `form_value_max`, `form_value_min`, `form_readonly`, `form_related_crud`, `form_selector_single`, `form_inputor_search`, `form_inputor_data`, `form_filter_prop`, `form_filter_value`, `list_order_type`, `list_order_idx`, `list_sql`, `list_expression`, `list_buttons`, `search_filter`, `search_type`, `search_expression`, `number_scale`, `dict_type`, `view_id`, `data`)
VALUES ('ux_sys_dept_leader', '负责人', 'textfield', '6', 'sys_dept_leader', null, null, '0', '0', null, 'Y', 'N', null, 'N', 'N', 'Y', '1', '1', 'N', '20', '0', 'N', null, 'Y', null, null, null, null, 'ASC', '-1', null, null, null, 'N', null, null, '0', null, 'ux_sys_dept', null);
INSERT INTO rva_viewproperty
(`id`, `name`, `type`, `idx`, `prop_id`, `prop_sub_id`, `relation_id`, `width`, `height`, `form_init_value`, `form_init_replace_empty`, `form_init_replace`, `form_submit_value`, `form_submit_replace_empty`, `form_submit_replace`, `form_submit`, `form_row_span`, `form_col_span`, `form_required`, `form_value_max`, `form_value_min`, `form_readonly`, `form_related_crud`, `form_selector_single`, `form_inputor_search`, `form_inputor_data`, `form_filter_prop`, `form_filter_value`, `list_order_type`, `list_order_idx`, `list_sql`, `list_expression`, `list_buttons`, `search_filter`, `search_type`, `search_expression`, `number_scale`, `dict_type`, `view_id`, `data`)
VALUES ('ux_sys_dept_phone', '联系电话', 'textfield', '7', 'sys_dept_phone', null, null, '0', '0', null, 'Y', 'N', null, 'N', 'N', 'Y', '1', '1', 'N', '11', '0', 'N', null, 'Y', null, null, null, null, 'ASC', '-1', null, null, null, 'N', null, null, '0', null, 'ux_sys_dept', null);
INSERT INTO rva_viewproperty
(`id`, `name`, `type`, `idx`, `prop_id`, `prop_sub_id`, `relation_id`, `width`, `height`, `form_init_value`, `form_init_replace_empty`, `form_init_replace`, `form_submit_value`, `form_submit_replace_empty`, `form_submit_replace`, `form_submit`, `form_row_span`, `form_col_span`, `form_required`, `form_value_max`, `form_value_min`, `form_readonly`, `form_related_crud`, `form_selector_single`, `form_inputor_search`, `form_inputor_data`, `form_filter_prop`, `form_filter_value`, `list_order_type`, `list_order_idx`, `list_sql`, `list_expression`, `list_buttons`, `search_filter`, `search_type`, `search_expression`, `number_scale`, `dict_type`, `view_id`, `data`)
VALUES ('ux_sys_dept_email', '邮箱', 'textfield', '8', 'sys_dept_email', null, null, '0', '0', null, 'Y', 'N', null, 'N', 'N', 'Y', '1', '1', 'N', '50', '0', 'N', null, 'Y', null, null, null, null, 'ASC', '-1', null, null, null, 'N', null, null, '0', null, 'ux_sys_dept', null);
INSERT INTO rva_viewproperty
(`id`, `name`, `type`, `idx`, `prop_id`, `prop_sub_id`, `relation_id`, `width`, `height`, `form_init_value`, `form_init_replace_empty`, `form_init_replace`, `form_submit_value`, `form_submit_replace_empty`, `form_submit_replace`, `form_submit`, `form_row_span`, `form_col_span`, `form_required`, `form_value_max`, `form_value_min`, `form_readonly`, `form_related_crud`, `form_selector_single`, `form_inputor_search`, `form_inputor_data`, `form_filter_prop`, `form_filter_value`, `list_order_type`, `list_order_idx`, `list_sql`, `list_expression`, `list_buttons`, `search_filter`, `search_type`, `search_expression`, `number_scale`, `dict_type`, `view_id`, `data`)
VALUES ('ux_sys_dept_status', '部门状态', 'radio', '9', 'sys_dept_status', null, null, '0', '0', '0', 'Y', 'N', null, 'N', 'N', 'Y', '1', '1', 'N', '1', '0', 'N', null, 'Y', null, null, null, null, 'ASC', '-1', null, null, null, 'N', null, null, '0', 'sys_dept_bumenzhuangtai', 'ux_sys_dept', '{\"textareaRows\": \"0\", \"selectAllowCreate\": \"N\", \"selectorOptionEditable\": \"N\"}');
INSERT INTO rva_viewproperty
(`id`, `name`, `type`, `idx`, `prop_id`, `prop_sub_id`, `relation_id`, `width`, `height`, `form_init_value`, `form_init_replace_empty`, `form_init_replace`, `form_submit_value`, `form_submit_replace_empty`, `form_submit_replace`, `form_submit`, `form_row_span`, `form_col_span`, `form_required`, `form_value_max`, `form_value_min`, `form_readonly`, `form_related_crud`, `form_selector_single`, `form_inputor_search`, `form_inputor_data`, `form_filter_prop`, `form_filter_value`, `list_order_type`, `list_order_idx`, `list_sql`, `list_expression`, `list_buttons`, `search_filter`, `search_type`, `search_expression`, `number_scale`, `dict_type`, `view_id`, `data`)
VALUES ('ux_sys_dept_del_flag', '删除标志', 'hidden', '10', 'sys_dept_del_flag', null, null, '0', '0', '0', 'Y', 'N', null, 'N', 'N', 'Y', '1', '1', 'N', '1', '0', 'N', null, 'Y', null, null, null, null, 'ASC', '-1', null, null, null, 'N', null, null, '0', 'sys_dept_shanchubiaozhi', 'ux_sys_dept', '{\"textareaRows\": \"0\", \"selectAllowCreate\": \"N\", \"selectorOptionEditable\": \"N\"}');
INSERT INTO rva_viewproperty
(`id`, `name`, `type`, `idx`, `prop_id`, `prop_sub_id`, `relation_id`, `width`, `height`, `form_init_value`, `form_init_replace_empty`, `form_init_replace`, `form_submit_value`, `form_submit_replace_empty`, `form_submit_replace`, `form_submit`, `form_row_span`, `form_col_span`, `form_required`, `form_value_max`, `form_value_min`, `form_readonly`, `form_related_crud`, `form_selector_single`, `form_inputor_search`, `form_inputor_data`, `form_filter_prop`, `form_filter_value`, `list_order_type`, `list_order_idx`, `list_sql`, `list_expression`, `list_buttons`, `search_filter`, `search_type`, `search_expression`, `number_scale`, `dict_type`, `view_id`, `data`)
VALUES ('ux_sys_dept_create_by', '创建者', 'hidden', '11', 'sys_dept_create_by', null, null, '0', '0', null, 'Y', 'N', null, 'N', 'N', 'N', '1', '1', 'N', '64', '0', 'Y', 'crud0_sys_user', 'Y', null, null, null, null, 'ASC', '-1', null, null, null, 'N', null, null, '0', null, 'ux_sys_dept', '{\"textareaRows\": \"0\", \"selectAllowCreate\": \"N\", \"selectorOptionEditable\": \"N\"}');
INSERT INTO rva_viewproperty
(`id`, `name`, `type`, `idx`, `prop_id`, `prop_sub_id`, `relation_id`, `width`, `height`, `form_init_value`, `form_init_replace_empty`, `form_init_replace`, `form_submit_value`, `form_submit_replace_empty`, `form_submit_replace`, `form_submit`, `form_row_span`, `form_col_span`, `form_required`, `form_value_max`, `form_value_min`, `form_readonly`, `form_related_crud`, `form_selector_single`, `form_inputor_search`, `form_inputor_data`, `form_filter_prop`, `form_filter_value`, `list_order_type`, `list_order_idx`, `list_sql`, `list_expression`, `list_buttons`, `search_filter`, `search_type`, `search_expression`, `number_scale`, `dict_type`, `view_id`, `data`)
VALUES ('ux_sys_dept_create_time', '创建时间', 'hidden', '12', 'sys_dept_create_time', null, null, '0', '0', null, 'Y', 'N', null, 'N', 'N', 'N', '1', '1', 'N', null, null, 'Y', null, 'Y', null, null, null, null, 'ASC', '-1', null, null, null, 'N', null, null, '0', null, 'ux_sys_dept', '{\"textareaRows\": \"0\", \"selectAllowCreate\": \"N\", \"selectorOptionEditable\": \"N\"}');
INSERT INTO rva_viewproperty
(`id`, `name`, `type`, `idx`, `prop_id`, `prop_sub_id`, `relation_id`, `width`, `height`, `form_init_value`, `form_init_replace_empty`, `form_init_replace`, `form_submit_value`, `form_submit_replace_empty`, `form_submit_replace`, `form_submit`, `form_row_span`, `form_col_span`, `form_required`, `form_value_max`, `form_value_min`, `form_readonly`, `form_related_crud`, `form_selector_single`, `form_inputor_search`, `form_inputor_data`, `form_filter_prop`, `form_filter_value`, `list_order_type`, `list_order_idx`, `list_sql`, `list_expression`, `list_buttons`, `search_filter`, `search_type`, `search_expression`, `number_scale`, `dict_type`, `view_id`, `data`)
VALUES ('ux_sys_dept_update_by', '更新者', 'hidden', '13', 'sys_dept_update_by', null, null, '0', '0', null, 'Y', 'N', '${rvaLoginUser.userId}', 'Y', 'Y', 'Y', '1', '1', 'N', '64', '0', 'Y', 'crud0_sys_user', 'Y', null, null, null, null, 'ASC', '-1', null, null, null, 'N', null, null, '0', null, 'ux_sys_dept', '{\"textareaRows\": \"0\", \"selectAllowCreate\": \"N\", \"selectorOptionEditable\": \"N\"}');
INSERT INTO rva_viewproperty
(`id`, `name`, `type`, `idx`, `prop_id`, `prop_sub_id`, `relation_id`, `width`, `height`, `form_init_value`, `form_init_replace_empty`, `form_init_replace`, `form_submit_value`, `form_submit_replace_empty`, `form_submit_replace`, `form_submit`, `form_row_span`, `form_col_span`, `form_required`, `form_value_max`, `form_value_min`, `form_readonly`, `form_related_crud`, `form_selector_single`, `form_inputor_search`, `form_inputor_data`, `form_filter_prop`, `form_filter_value`, `list_order_type`, `list_order_idx`, `list_sql`, `list_expression`, `list_buttons`, `search_filter`, `search_type`, `search_expression`, `number_scale`, `dict_type`, `view_id`, `data`)
VALUES ('ux_sys_dept_update_time', '更新时间', 'hidden', '14', 'sys_dept_update_time', null, null, '0', '0', null, 'Y', 'N', '${rvaDateUtils.now}', 'Y', 'Y', 'Y', '1', '1', 'N', null, null, 'Y', null, 'Y', null, null, null, null, 'ASC', '-1', null, null, null, 'N', null, null, '0', null, 'ux_sys_dept', '{\"textareaRows\": \"0\", \"selectAllowCreate\": \"N\", \"selectorOptionEditable\": \"N\"}');
-- view - rva_viewproperty : ux_sys_dept -- end --
-- view - rva_viewbutton : ux_sys_dept -- start --
delete from rva_viewbutton where view_id = 'ux_sys_dept';
INSERT INTO rva_viewbutton
(`id`, `name`, `type`, `idx`, `icon`, `cls`, `position`, `readonly_show`, `action`, `action_url`, `action_dialog_view_id`, `action_dialog_app_id`, `action_success`, `action_failure`, `select_type`, `show_if`, `view_id`, `data`)
VALUES ('ux_sys_dept_submit_update', '提交', 'ajax', '0', 'el-icon-check', 'primary', 'form', 'N', null, '/rva/view/ux_sys_dept/submit/update', null, null, 'loadList', null, null, null, 'ux_sys_dept', '{\"cascadeDelete\":\"N\"}');
INSERT INTO rva_viewbutton
(`id`, `name`, `type`, `idx`, `icon`, `cls`, `position`, `readonly_show`, `action`, `action_url`, `action_dialog_view_id`, `action_dialog_app_id`, `action_success`, `action_failure`, `select_type`, `show_if`, `view_id`, `data`)
VALUES ('ux_sys_dept_reset_update', '重置', 'js', '1', 'el-icon-refresh-left', 'warning', 'form', 'N', 'resetView', null, null, null, null, null, null, null, 'ux_sys_dept', '{\"cascadeDelete\":\"N\"}');
INSERT INTO rva_viewbutton
(`id`, `name`, `type`, `idx`, `icon`, `cls`, `position`, `readonly_show`, `action`, `action_url`, `action_dialog_view_id`, `action_dialog_app_id`, `action_success`, `action_failure`, `select_type`, `show_if`, `view_id`, `data`)
VALUES ('ux_sys_dept_close_update', '取消', 'js', '2', 'el-icon-close', null, 'form', 'N', 'closeView', null, null, null, null, null, null, null, 'ux_sys_dept', '{\"cascadeDelete\":\"N\"}');
-- view - rva_viewbutton : ux_sys_dept -- end --
-- view - rva_trigger : ux_sys_dept -- start --
delete from rva_triggeraction where trigger_id in (select id from rva_trigger where view_id = 'ux_sys_dept');
delete from rva_trigger where view_id = 'ux_sys_dept';
-- view - rva_trigger : ux_sys_dept -- end --
-- view - rva_view : ux_sys_dept -- start --
delete from rva_view where id = 'ux_sys_dept';
INSERT INTO rva_view
(`id`, `name`, `type`, `idx`, `width`, `height`, `obj_id`, `load_before_sql`, `load_after_sql`, `load_sql`, `load_where`, `form_columns`, `form_readonly`, `load_url`, `form_submit_url`, `form_submit_before_sql`, `form_submit_after_sql`, `list_rows`, `list_paging`, `data`)
VALUES ('ux_sys_dept', '修改部门表', 'form', '0', '900', '600', 'sys_dept', null, null, null, 'dept.dept_id = \'${selection.get(0)[\'keyPropValue\']}\'', '1', 'N', '/rva/view/ux_sys_dept/load/update', null, null, null, '10', 'Y', null);
-- view - rva_view : ux_sys_dept -- end --
-- view : ux_sys_dept -- end --
-- view : lx_sys_dept -- start --
-- view - rva_viewproperty : lx_sys_dept -- start --
delete from rva_viewproperty where view_id = 'lx_sys_dept';
INSERT INTO rva_viewproperty
(`id`, `name`, `type`, `idx`, `prop_id`, `prop_sub_id`, `relation_id`, `width`, `height`, `form_init_value`, `form_init_replace_empty`, `form_init_replace`, `form_submit_value`, `form_submit_replace_empty`, `form_submit_replace`, `form_submit`, `form_row_span`, `form_col_span`, `form_required`, `form_value_max`, `form_value_min`, `form_readonly`, `form_related_crud`, `form_selector_single`, `form_inputor_search`, `form_inputor_data`, `form_filter_prop`, `form_filter_value`, `list_order_type`, `list_order_idx`, `list_sql`, `list_expression`, `list_buttons`, `search_filter`, `search_type`, `search_expression`, `number_scale`, `dict_type`, `view_id`, `data`)
VALUES ('lx_sys_dept_dept_id', '部门id', 'textfield', '1', 'sys_dept_dept_id', null, null, '160', '0', null, 'Y', 'N', null, 'N', 'N', 'Y', '1', '1', 'N', null, null, 'N', null, 'Y', null, null, null, null, 'ASC', '-1', null, null, null, 'N', null, null, '0', null, 'lx_sys_dept', null);
INSERT INTO rva_viewproperty
(`id`, `name`, `type`, `idx`, `prop_id`, `prop_sub_id`, `relation_id`, `width`, `height`, `form_init_value`, `form_init_replace_empty`, `form_init_replace`, `form_submit_value`, `form_submit_replace_empty`, `form_submit_replace`, `form_submit`, `form_row_span`, `form_col_span`, `form_required`, `form_value_max`, `form_value_min`, `form_readonly`, `form_related_crud`, `form_selector_single`, `form_inputor_search`, `form_inputor_data`, `form_filter_prop`, `form_filter_value`, `list_order_type`, `list_order_idx`, `list_sql`, `list_expression`, `list_buttons`, `search_filter`, `search_type`, `search_expression`, `number_scale`, `dict_type`, `view_id`, `data`)
VALUES ('lx_sys_dept_parent_id', '父部门id', 'textfield', '2', 'sys_dept_parent_id', null, null, '160', '0', null, 'Y', 'N', null, 'N', 'N', 'Y', '1', '1', 'N', null, null, 'N', null, 'Y', null, null, null, null, 'ASC', '-1', null, null, null, 'N', null, null, '0', null, 'lx_sys_dept', null);
INSERT INTO rva_viewproperty
(`id`, `name`, `type`, `idx`, `prop_id`, `prop_sub_id`, `relation_id`, `width`, `height`, `form_init_value`, `form_init_replace_empty`, `form_init_replace`, `form_submit_value`, `form_submit_replace_empty`, `form_submit_replace`, `form_submit`, `form_row_span`, `form_col_span`, `form_required`, `form_value_max`, `form_value_min`, `form_readonly`, `form_related_crud`, `form_selector_single`, `form_inputor_search`, `form_inputor_data`, `form_filter_prop`, `form_filter_value`, `list_order_type`, `list_order_idx`, `list_sql`, `list_expression`, `list_buttons`, `search_filter`, `search_type`, `search_expression`, `number_scale`, `dict_type`, `view_id`, `data`)
VALUES ('lx_sys_dept_ancestors', '祖级列表', 'textfield', '3', 'sys_dept_ancestors', null, null, '160', '0', null, 'Y', 'N', null, 'N', 'N', 'Y', '1', '1', 'N', null, null, 'N', null, 'Y', null, null, null, null, 'ASC', '-1', null, null, null, 'N', null, null, '0', null, 'lx_sys_dept', null);
INSERT INTO rva_viewproperty
(`id`, `name`, `type`, `idx`, `prop_id`, `prop_sub_id`, `relation_id`, `width`, `height`, `form_init_value`, `form_init_replace_empty`, `form_init_replace`, `form_submit_value`, `form_submit_replace_empty`, `form_submit_replace`, `form_submit`, `form_row_span`, `form_col_span`, `form_required`, `form_value_max`, `form_value_min`, `form_readonly`, `form_related_crud`, `form_selector_single`, `form_inputor_search`, `form_inputor_data`, `form_filter_prop`, `form_filter_value`, `list_order_type`, `list_order_idx`, `list_sql`, `list_expression`, `list_buttons`, `search_filter`, `search_type`, `search_expression`, `number_scale`, `dict_type`, `view_id`, `data`)
VALUES ('lx_sys_dept_dept_name', '部门名称', 'textfield', '4', 'sys_dept_dept_name', null, null, '160', '0', null, 'Y', 'N', null, 'N', 'N', 'Y', '1', '1', 'N', null, null, 'N', null, 'Y', null, null, null, null, 'ASC', '-1', null, null, null, 'N', null, null, '0', null, 'lx_sys_dept', null);
INSERT INTO rva_viewproperty
(`id`, `name`, `type`, `idx`, `prop_id`, `prop_sub_id`, `relation_id`, `width`, `height`, `form_init_value`, `form_init_replace_empty`, `form_init_replace`, `form_submit_value`, `form_submit_replace_empty`, `form_submit_replace`, `form_submit`, `form_row_span`, `form_col_span`, `form_required`, `form_value_max`, `form_value_min`, `form_readonly`, `form_related_crud`, `form_selector_single`, `form_inputor_search`, `form_inputor_data`, `form_filter_prop`, `form_filter_value`, `list_order_type`, `list_order_idx`, `list_sql`, `list_expression`, `list_buttons`, `search_filter`, `search_type`, `search_expression`, `number_scale`, `dict_type`, `view_id`, `data`)
VALUES ('lx_sys_dept_order_num', '显示顺序', 'textfield', '5', 'sys_dept_order_num', null, null, '160', '0', null, 'Y', 'N', null, 'N', 'N', 'Y', '1', '1', 'N', null, null, 'N', null, 'Y', null, null, null, null, 'ASC', '-1', null, null, null, 'N', null, null, '0', null, 'lx_sys_dept', null);
INSERT INTO rva_viewproperty
(`id`, `name`, `type`, `idx`, `prop_id`, `prop_sub_id`, `relation_id`, `width`, `height`, `form_init_value`, `form_init_replace_empty`, `form_init_replace`, `form_submit_value`, `form_submit_replace_empty`, `form_submit_replace`, `form_submit`, `form_row_span`, `form_col_span`, `form_required`, `form_value_max`, `form_value_min`, `form_readonly`, `form_related_crud`, `form_selector_single`, `form_inputor_search`, `form_inputor_data`, `form_filter_prop`, `form_filter_value`, `list_order_type`, `list_order_idx`, `list_sql`, `list_expression`, `list_buttons`, `search_filter`, `search_type`, `search_expression`, `number_scale`, `dict_type`, `view_id`, `data`)
VALUES ('lx_sys_dept_leader', '负责人', 'textfield', '6', 'sys_dept_leader', null, null, '160', '0', null, 'Y', 'N', null, 'N', 'N', 'Y', '1', '1', 'N', null, null, 'N', null, 'Y', null, null, null, null, 'ASC', '-1', null, null, null, 'N', null, null, '0', null, 'lx_sys_dept', null);
INSERT INTO rva_viewproperty
(`id`, `name`, `type`, `idx`, `prop_id`, `prop_sub_id`, `relation_id`, `width`, `height`, `form_init_value`, `form_init_replace_empty`, `form_init_replace`, `form_submit_value`, `form_submit_replace_empty`, `form_submit_replace`, `form_submit`, `form_row_span`, `form_col_span`, `form_required`, `form_value_max`, `form_value_min`, `form_readonly`, `form_related_crud`, `form_selector_single`, `form_inputor_search`, `form_inputor_data`, `form_filter_prop`, `form_filter_value`, `list_order_type`, `list_order_idx`, `list_sql`, `list_expression`, `list_buttons`, `search_filter`, `search_type`, `search_expression`, `number_scale`, `dict_type`, `view_id`, `data`)
VALUES ('lx_sys_dept_phone', '联系电话', 'textfield', '7', 'sys_dept_phone', null, null, '160', '0', null, 'Y', 'N', null, 'N', 'N', 'Y', '1', '1', 'N', null, null, 'N', null, 'Y', null, null, null, null, 'ASC', '-1', null, null, null, 'N', null, null, '0', null, 'lx_sys_dept', null);
INSERT INTO rva_viewproperty
(`id`, `name`, `type`, `idx`, `prop_id`, `prop_sub_id`, `relation_id`, `width`, `height`, `form_init_value`, `form_init_replace_empty`, `form_init_replace`, `form_submit_value`, `form_submit_replace_empty`, `form_submit_replace`, `form_submit`, `form_row_span`, `form_col_span`, `form_required`, `form_value_max`, `form_value_min`, `form_readonly`, `form_related_crud`, `form_selector_single`, `form_inputor_search`, `form_inputor_data`, `form_filter_prop`, `form_filter_value`, `list_order_type`, `list_order_idx`, `list_sql`, `list_expression`, `list_buttons`, `search_filter`, `search_type`, `search_expression`, `number_scale`, `dict_type`, `view_id`, `data`)
VALUES ('lx_sys_dept_email', '邮箱', 'textfield', '8', 'sys_dept_email', null, null, '160', '0', null, 'Y', 'N', null, 'N', 'N', 'Y', '1', '1', 'N', null, null, 'N', null, 'Y', null, null, null, null, 'ASC', '-1', null, null, null, 'N', null, null, '0', null, 'lx_sys_dept', null);
INSERT INTO rva_viewproperty
(`id`, `name`, `type`, `idx`, `prop_id`, `prop_sub_id`, `relation_id`, `width`, `height`, `form_init_value`, `form_init_replace_empty`, `form_init_replace`, `form_submit_value`, `form_submit_replace_empty`, `form_submit_replace`, `form_submit`, `form_row_span`, `form_col_span`, `form_required`, `form_value_max`, `form_value_min`, `form_readonly`, `form_related_crud`, `form_selector_single`, `form_inputor_search`, `form_inputor_data`, `form_filter_prop`, `form_filter_value`, `list_order_type`, `list_order_idx`, `list_sql`, `list_expression`, `list_buttons`, `search_filter`, `search_type`, `search_expression`, `number_scale`, `dict_type`, `view_id`, `data`)
VALUES ('lx_sys_dept_status', '部门状态', 'dictionary', '9', 'sys_dept_status', null, null, '160', '0', null, 'Y', 'N', null, 'N', 'N', 'Y', '1', '1', 'N', null, null, 'N', null, 'Y', null, null, null, null, 'ASC', '-1', null, null, null, 'N', null, null, '0', 'sys_dept_bumenzhuangtai', 'lx_sys_dept', null);
INSERT INTO rva_viewproperty
(`id`, `name`, `type`, `idx`, `prop_id`, `prop_sub_id`, `relation_id`, `width`, `height`, `form_init_value`, `form_init_replace_empty`, `form_init_replace`, `form_submit_value`, `form_submit_replace_empty`, `form_submit_replace`, `form_submit`, `form_row_span`, `form_col_span`, `form_required`, `form_value_max`, `form_value_min`, `form_readonly`, `form_related_crud`, `form_selector_single`, `form_inputor_search`, `form_inputor_data`, `form_filter_prop`, `form_filter_value`, `list_order_type`, `list_order_idx`, `list_sql`, `list_expression`, `list_buttons`, `search_filter`, `search_type`, `search_expression`, `number_scale`, `dict_type`, `view_id`, `data`)
VALUES ('lx_sys_dept_del_flag', '删除标志', 'dictionary', '10', 'sys_dept_del_flag', null, null, '160', '0', null, 'Y', 'N', null, 'N', 'N', 'Y', '1', '1', 'N', null, null, 'N', null, 'Y', null, null, null, null, 'ASC', '-1', null, null, null, 'N', null, null, '0', 'sys_dept_shanchubiaozhi', 'lx_sys_dept', null);
INSERT INTO rva_viewproperty
(`id`, `name`, `type`, `idx`, `prop_id`, `prop_sub_id`, `relation_id`, `width`, `height`, `form_init_value`, `form_init_replace_empty`, `form_init_replace`, `form_submit_value`, `form_submit_replace_empty`, `form_submit_replace`, `form_submit`, `form_row_span`, `form_col_span`, `form_required`, `form_value_max`, `form_value_min`, `form_readonly`, `form_related_crud`, `form_selector_single`, `form_inputor_search`, `form_inputor_data`, `form_filter_prop`, `form_filter_value`, `list_order_type`, `list_order_idx`, `list_sql`, `list_expression`, `list_buttons`, `search_filter`, `search_type`, `search_expression`, `number_scale`, `dict_type`, `view_id`, `data`)
VALUES ('lx_sys_dept_create_by', '创建者', 'textfield', '11', 'sys_dept_create_by', null, null, '160', '0', null, 'Y', 'N', null, 'N', 'N', 'Y', '1', '1', 'N', null, null, 'N', null, 'Y', null, null, null, null, 'ASC', '-1', null, null, null, 'N', null, null, '0', null, 'lx_sys_dept', '{\"formatter\":\"#if(${currentPropValue}) select user_name from sys_user where user_id = \'${currentPropValue}\' #end\"}');
INSERT INTO rva_viewproperty
(`id`, `name`, `type`, `idx`, `prop_id`, `prop_sub_id`, `relation_id`, `width`, `height`, `form_init_value`, `form_init_replace_empty`, `form_init_replace`, `form_submit_value`, `form_submit_replace_empty`, `form_submit_replace`, `form_submit`, `form_row_span`, `form_col_span`, `form_required`, `form_value_max`, `form_value_min`, `form_readonly`, `form_related_crud`, `form_selector_single`, `form_inputor_search`, `form_inputor_data`, `form_filter_prop`, `form_filter_value`, `list_order_type`, `list_order_idx`, `list_sql`, `list_expression`, `list_buttons`, `search_filter`, `search_type`, `search_expression`, `number_scale`, `dict_type`, `view_id`, `data`)
VALUES ('lx_sys_dept_create_time', '创建时间', 'datetime', '12', 'sys_dept_create_time', null, null, '160', '0', null, 'Y', 'N', null, 'N', 'N', 'Y', '1', '1', 'N', null, null, 'N', null, 'Y', null, null, null, null, 'DESC', '0', null, null, null, 'N', null, null, '0', null, 'lx_sys_dept', null);
INSERT INTO rva_viewproperty
(`id`, `name`, `type`, `idx`, `prop_id`, `prop_sub_id`, `relation_id`, `width`, `height`, `form_init_value`, `form_init_replace_empty`, `form_init_replace`, `form_submit_value`, `form_submit_replace_empty`, `form_submit_replace`, `form_submit`, `form_row_span`, `form_col_span`, `form_required`, `form_value_max`, `form_value_min`, `form_readonly`, `form_related_crud`, `form_selector_single`, `form_inputor_search`, `form_inputor_data`, `form_filter_prop`, `form_filter_value`, `list_order_type`, `list_order_idx`, `list_sql`, `list_expression`, `list_buttons`, `search_filter`, `search_type`, `search_expression`, `number_scale`, `dict_type`, `view_id`, `data`)
VALUES ('lx_sys_dept_update_by', '更新者', 'textfield', '13', 'sys_dept_update_by', null, null, '160', '0', null, 'Y', 'N', null, 'N', 'N', 'Y', '1', '1', 'N', null, null, 'N', null, 'Y', null, null, null, null, 'ASC', '-1', null, null, null, 'N', null, null, '0', null, 'lx_sys_dept', '{\"formatter\":\"#if(${currentPropValue}) select user_name from sys_user where user_id = \'${currentPropValue}\' #end\"}');
INSERT INTO rva_viewproperty
(`id`, `name`, `type`, `idx`, `prop_id`, `prop_sub_id`, `relation_id`, `width`, `height`, `form_init_value`, `form_init_replace_empty`, `form_init_replace`, `form_submit_value`, `form_submit_replace_empty`, `form_submit_replace`, `form_submit`, `form_row_span`, `form_col_span`, `form_required`, `form_value_max`, `form_value_min`, `form_readonly`, `form_related_crud`, `form_selector_single`, `form_inputor_search`, `form_inputor_data`, `form_filter_prop`, `form_filter_value`, `list_order_type`, `list_order_idx`, `list_sql`, `list_expression`, `list_buttons`, `search_filter`, `search_type`, `search_expression`, `number_scale`, `dict_type`, `view_id`, `data`)
VALUES ('lx_sys_dept_update_time', '更新时间', 'datetime', '14', 'sys_dept_update_time', null, null, '160', '0', null, 'Y', 'N', null, 'N', 'N', 'Y', '1', '1', 'N', null, null, 'N', null, 'Y', null, null, null, null, 'ASC', '-1', null, null, null, 'N', null, null, '0', null, 'lx_sys_dept', null);
INSERT INTO rva_viewproperty
(`id`, `name`, `type`, `idx`, `prop_id`, `prop_sub_id`, `relation_id`, `width`, `height`, `form_init_value`, `form_init_replace_empty`, `form_init_replace`, `form_submit_value`, `form_submit_replace_empty`, `form_submit_replace`, `form_submit`, `form_row_span`, `form_col_span`, `form_required`, `form_value_max`, `form_value_min`, `form_readonly`, `form_related_crud`, `form_selector_single`, `form_inputor_search`, `form_inputor_data`, `form_filter_prop`, `form_filter_value`, `list_order_type`, `list_order_idx`, `list_sql`, `list_expression`, `list_buttons`, `search_filter`, `search_type`, `search_expression`, `number_scale`, `dict_type`, `view_id`, `data`)
VALUES ('lx_sys_dept_type', '类型', 'dictionary', '15', 'sys_dept_type', null, null, '160', '0', null, 'Y', 'N', null, 'N', 'N', 'Y', '1', '1', 'N', null, null, 'N', null, 'Y', null, null, null, null, 'ASC', '-1', null, null, null, 'N', null, null, '0', 'sys_dept_leixing', 'lx_sys_dept', null);
INSERT INTO rva_viewproperty
(`id`, `name`, `type`, `idx`, `prop_id`, `prop_sub_id`, `relation_id`, `width`, `height`, `form_init_value`, `form_init_replace_empty`, `form_init_replace`, `form_submit_value`, `form_submit_replace_empty`, `form_submit_replace`, `form_submit`, `form_row_span`, `form_col_span`, `form_required`, `form_value_max`, `form_value_min`, `form_readonly`, `form_related_crud`, `form_selector_single`, `form_inputor_search`, `form_inputor_data`, `form_filter_prop`, `form_filter_value`, `list_order_type`, `list_order_idx`, `list_sql`, `list_expression`, `list_buttons`, `search_filter`, `search_type`, `search_expression`, `number_scale`, `dict_type`, `view_id`, `data`)
VALUES ('lx_sys_dept_operation', '操作', 'button', '999', null, null, null, '0', '0', null, 'Y', 'N', null, 'N', 'N', 'Y', '1', '1', 'N', null, null, 'N', null, 'Y', null, null, null, null, 'ASC', '-1', null, null, 'lx_sys_dept_update,lx_sys_dept_delete_inner', 'N', null, null, '0', null, 'lx_sys_dept', null);
-- view - rva_viewproperty : lx_sys_dept -- end --
-- view - rva_viewbutton : lx_sys_dept -- start --
delete from rva_viewbutton where view_id = 'lx_sys_dept';
INSERT INTO rva_viewbutton
(`id`, `name`, `type`, `idx`, `icon`, `cls`, `position`, `readonly_show`, `action`, `action_url`, `action_dialog_view_id`, `action_dialog_app_id`, `action_success`, `action_failure`, `select_type`, `show_if`, `view_id`, `data`)
VALUES ('lx_sys_dept_create', '新建', 'form', '0', 'el-icon-plus', 'primary', 'top', 'N', 'dialog', null, 'cx_sys_dept', null, null, null, 'none', null, 'lx_sys_dept', '{\"cascadeDelete\":\"N\"}');
INSERT INTO rva_viewbutton
(`id`, `name`, `type`, `idx`, `icon`, `cls`, `position`, `readonly_show`, `action`, `action_url`, `action_dialog_view_id`, `action_dialog_app_id`, `action_success`, `action_failure`, `select_type`, `show_if`, `view_id`, `data`)
VALUES ('lx_sys_dept_update', '修改', 'form', '0', 'el-icon-edit', 'primary', 'inner', 'N', 'dialog', null, 'ux_sys_dept', null, null, null, 'single', null, 'lx_sys_dept', '{\"cascadeDelete\":\"N\"}');
INSERT INTO rva_viewbutton
(`id`, `name`, `type`, `idx`, `icon`, `cls`, `position`, `readonly_show`, `action`, `action_url`, `action_dialog_view_id`, `action_dialog_app_id`, `action_success`, `action_failure`, `select_type`, `show_if`, `view_id`, `data`)
VALUES ('lx_sys_dept_delete_inner', '删除', 'ajax', '1', 'el-icon-delete', 'danger', 'inner', 'N', null, '/rva/view/lx_sys_dept/delete', null, null, 'loadList', null, 'single', null, 'lx_sys_dept', '{\"cascadeDelete\":\"N\"}');
INSERT INTO rva_viewbutton
(`id`, `name`, `type`, `idx`, `icon`, `cls`, `position`, `readonly_show`, `action`, `action_url`, `action_dialog_view_id`, `action_dialog_app_id`, `action_success`, `action_failure`, `select_type`, `show_if`, `view_id`, `data`)
VALUES ('lx_sys_dept_delete_top', '删除', 'ajax', '1', 'el-icon-delete', 'danger', 'top', 'N', null, '/rva/view/lx_sys_dept/delete', null, null, 'loadList', null, 'multiple', null, 'lx_sys_dept', '{\"cascadeDelete\":\"N\"}');
-- view - rva_viewbutton : lx_sys_dept -- end --
-- view - rva_trigger : lx_sys_dept -- start --
delete from rva_triggeraction where trigger_id in (select id from rva_trigger where view_id = 'lx_sys_dept');
delete from rva_trigger where view_id = 'lx_sys_dept';
-- view - rva_trigger : lx_sys_dept -- end --
-- view - rva_view : lx_sys_dept -- start --
delete from rva_view where id = 'lx_sys_dept';
INSERT INTO rva_view
(`id`, `name`, `type`, `idx`, `width`, `height`, `obj_id`, `load_before_sql`, `load_after_sql`, `load_sql`, `load_where`, `form_columns`, `form_readonly`, `load_url`, `form_submit_url`, `form_submit_before_sql`, `form_submit_after_sql`, `list_rows`, `list_paging`, `data`)
VALUES ('lx_sys_dept', '部门表列表', 'list', '0', '720', '500', 'sys_dept', null, null, null, null, '1', 'N', '/rva/view/lx_sys_dept/load/list?searchId=sx_sys_dept', null, null, null, '10', 'Y', null);
-- view - rva_view : lx_sys_dept -- end --
-- view : lx_sys_dept -- end --
-- view : sx_sys_dept -- start --
-- view - rva_viewproperty : sx_sys_dept -- start --
delete from rva_viewproperty where view_id = 'sx_sys_dept';
INSERT INTO rva_viewproperty
(`id`, `name`, `type`, `idx`, `prop_id`, `prop_sub_id`, `relation_id`, `width`, `height`, `form_init_value`, `form_init_replace_empty`, `form_init_replace`, `form_submit_value`, `form_submit_replace_empty`, `form_submit_replace`, `form_submit`, `form_row_span`, `form_col_span`, `form_required`, `form_value_max`, `form_value_min`, `form_readonly`, `form_related_crud`, `form_selector_single`, `form_inputor_search`, `form_inputor_data`, `form_filter_prop`, `form_filter_value`, `list_order_type`, `list_order_idx`, `list_sql`, `list_expression`, `list_buttons`, `search_filter`, `search_type`, `search_expression`, `number_scale`, `dict_type`, `view_id`, `data`)
VALUES ('sx_sys_dept_parent_id', '父部门id', 'textfield', '0', 'sys_dept_parent_id', null, null, '200', '0', null, 'Y', 'N', null, 'N', 'N', 'Y', '1', '1', 'N', null, null, 'N', null, 'Y', null, null, null, null, 'ASC', '-1', null, null, null, 'N', 'like', null, '0', null, 'sx_sys_dept', null);
-- view - rva_viewproperty : sx_sys_dept -- end --
-- view - rva_viewbutton : sx_sys_dept -- start --
delete from rva_viewbutton where view_id = 'sx_sys_dept';
-- view - rva_viewbutton : sx_sys_dept -- end --
-- view - rva_trigger : sx_sys_dept -- start --
delete from rva_triggeraction where trigger_id in (select id from rva_trigger where view_id = 'sx_sys_dept');
delete from rva_trigger where view_id = 'sx_sys_dept';
-- view - rva_trigger : sx_sys_dept -- end --
-- view - rva_view : sx_sys_dept -- start --
delete from rva_view where id = 'sx_sys_dept';
INSERT INTO rva_view
(`id`, `name`, `type`, `idx`, `width`, `height`, `obj_id`, `load_before_sql`, `load_after_sql`, `load_sql`, `load_where`, `form_columns`, `form_readonly`, `load_url`, `form_submit_url`, `form_submit_before_sql`, `form_submit_after_sql`, `list_rows`, `list_paging`, `data`)
VALUES ('sx_sys_dept', '查询部门表', 'search', '0', '0', '0', 'sys_dept', null, null, null, null, '1', 'N', null, null, null, null, '10', 'Y', null);
-- view - rva_view : sx_sys_dept -- end --
-- view : sx_sys_dept -- end --
-- app - rva_appitem : crudx_sys_dept -- start --
delete from rva_appitem where app_id = 'crudx_sys_dept';
INSERT INTO rva_appitem
(`id`, `name`, `idx`, `related_app_type`, `related_app_id`, `show_if`, `type`, `sub_type`, `parent_id`, `app_id`, `data`)
VALUES ('crudx_sys_dept_create', '新建部门表', '0', 'form', 'cx_sys_dept', null, 'create', null, null, 'crudx_sys_dept', null);
INSERT INTO rva_appitem
(`id`, `name`, `idx`, `related_app_type`, `related_app_id`, `show_if`, `type`, `sub_type`, `parent_id`, `app_id`, `data`)
VALUES ('crudx_sys_dept_update', '修改部门表', '1', 'form', 'ux_sys_dept', null, 'update', null, null, 'crudx_sys_dept', null);
INSERT INTO rva_appitem
(`id`, `name`, `idx`, `related_app_type`, `related_app_id`, `show_if`, `type`, `sub_type`, `parent_id`, `app_id`, `data`)
VALUES ('crudx_sys_dept_list', '部门表列表', '2', 'list', 'lx_sys_dept', null, 'list', null, null, 'crudx_sys_dept', null);
INSERT INTO rva_appitem
(`id`, `name`, `idx`, `related_app_type`, `related_app_id`, `show_if`, `type`, `sub_type`, `parent_id`, `app_id`, `data`)
VALUES ('crudx_sys_dept_search', '查询部门表', '3', 'search', 'sx_sys_dept', null, 'search', null, null, 'crudx_sys_dept', null);
-- app - rva_appitem : crudx_sys_dept -- end --
-- app - rva_app : crudx_sys_dept -- start --
delete from rva_app where id = 'crudx_sys_dept';
INSERT INTO rva_app
(`id`, `name`, `type`, `idx`, `obj_id`, `template`, `list_template`, `status`, `views`, `apps`, `data`)
VALUES ('crudx_sys_dept', '部门表', 'crud', '0', 'sys_dept', 'rva/app/crud', null, '2', null, null, null);
-- app - rva_app : crudx_sys_dept -- end --
-- app : crudx_sys_dept -- end --


-- app : crud0_sys_dept -- start --
-- view : c0_sys_dept -- start --
-- view - rva_viewproperty : c0_sys_dept -- start --
delete from rva_viewproperty where view_id = 'c0_sys_dept';
INSERT INTO rva_viewproperty
(`id`, `name`, `type`, `idx`, `prop_id`, `prop_sub_id`, `relation_id`, `width`, `height`, `form_init_value`, `form_init_replace_empty`, `form_init_replace`, `form_submit_value`, `form_submit_replace_empty`, `form_submit_replace`, `form_submit`, `form_row_span`, `form_col_span`, `form_required`, `form_value_max`, `form_value_min`, `form_readonly`, `form_related_crud`, `form_selector_single`, `form_inputor_search`, `form_inputor_data`, `form_filter_prop`, `form_filter_value`, `list_order_type`, `list_order_idx`, `list_sql`, `list_expression`, `list_buttons`, `search_filter`, `search_type`, `search_expression`, `number_scale`, `dict_type`, `view_id`, `data`)
VALUES ('c0_sys_dept_dept_id', '部门id', 'hidden', '0', 'sys_dept_dept_id', null, null, '0', '0', null, 'Y', 'N', null, 'N', 'N', 'Y', '1', '1', 'N', null, null, 'N', null, 'Y', null, null, null, null, 'ASC', '-1', null, null, null, 'N', null, null, '0', null, 'c0_sys_dept', null);
INSERT INTO rva_viewproperty
(`id`, `name`, `type`, `idx`, `prop_id`, `prop_sub_id`, `relation_id`, `width`, `height`, `form_init_value`, `form_init_replace_empty`, `form_init_replace`, `form_submit_value`, `form_submit_replace_empty`, `form_submit_replace`, `form_submit`, `form_row_span`, `form_col_span`, `form_required`, `form_value_max`, `form_value_min`, `form_readonly`, `form_related_crud`, `form_selector_single`, `form_inputor_search`, `form_inputor_data`, `form_filter_prop`, `form_filter_value`, `list_order_type`, `list_order_idx`, `list_sql`, `list_expression`, `list_buttons`, `search_filter`, `search_type`, `search_expression`, `number_scale`, `dict_type`, `view_id`, `data`)
VALUES ('c0_sys_dept_ancestors', '祖级列表', 'hidden', '1', 'sys_dept_ancestors', null, null, '0', '0', null, 'Y', 'N', null, 'N', 'N', 'Y', '1', '1', 'N', '50', '0', 'N', null, 'Y', null, null, null, null, 'ASC', '-1', null, null, null, 'N', null, null, '0', null, 'c0_sys_dept', '{\"textareaRows\": \"0\", \"selectAllowCreate\": \"N\", \"selectorOptionEditable\": \"N\"}');
INSERT INTO rva_viewproperty
(`id`, `name`, `type`, `idx`, `prop_id`, `prop_sub_id`, `relation_id`, `width`, `height`, `form_init_value`, `form_init_replace_empty`, `form_init_replace`, `form_submit_value`, `form_submit_replace_empty`, `form_submit_replace`, `form_submit`, `form_row_span`, `form_col_span`, `form_required`, `form_value_max`, `form_value_min`, `form_readonly`, `form_related_crud`, `form_selector_single`, `form_inputor_search`, `form_inputor_data`, `form_filter_prop`, `form_filter_value`, `list_order_type`, `list_order_idx`, `list_sql`, `list_expression`, `list_buttons`, `search_filter`, `search_type`, `search_expression`, `number_scale`, `dict_type`, `view_id`, `data`)
VALUES ('c0_sys_dept_parent_id', '上级部门', 'depttree', '2', 'sys_dept_parent_id', null, null, '0', '0', null, 'Y', 'N', null, 'N', 'N', 'Y', '1', '2', 'Y', null, null, 'N', null, 'Y', null, null, null, null, 'ASC', '-1', null, null, null, 'N', null, null, '0', null, 'c0_sys_dept', '{\"fileSize\": \"\", \"fileType\": \"\", \"fileLimit\": \"\", \"labelWidth\": \"\", \"textareaRows\": \"0\", \"autoCropWidth\": \"\", \"autoCropHeight\": \"\", \"relatedCrudWhere\": \"\", \"selectAllowCreate\": \"N\", \"selectorInitOptions\": \"\", \"selectorOptionLabel\": \"\", \"selectorOptionValue\": \"\", \"selectorOptionEditable\": \"N\"}');
INSERT INTO rva_viewproperty
(`id`, `name`, `type`, `idx`, `prop_id`, `prop_sub_id`, `relation_id`, `width`, `height`, `form_init_value`, `form_init_replace_empty`, `form_init_replace`, `form_submit_value`, `form_submit_replace_empty`, `form_submit_replace`, `form_submit`, `form_row_span`, `form_col_span`, `form_required`, `form_value_max`, `form_value_min`, `form_readonly`, `form_related_crud`, `form_selector_single`, `form_inputor_search`, `form_inputor_data`, `form_filter_prop`, `form_filter_value`, `list_order_type`, `list_order_idx`, `list_sql`, `list_expression`, `list_buttons`, `search_filter`, `search_type`, `search_expression`, `number_scale`, `dict_type`, `view_id`, `data`)
VALUES ('c0_sys_dept_dept_name', '部门名称', 'textfield', '3', 'sys_dept_dept_name', null, null, '0', '0', null, 'Y', 'N', null, 'N', 'N', 'Y', '1', '1', 'Y', '30', '0', 'N', null, 'Y', null, null, null, null, 'ASC', '-1', null, null, null, 'N', null, null, '0', null, 'c0_sys_dept', '{\"textareaRows\": \"0\", \"selectAllowCreate\": \"N\", \"selectorOptionEditable\": \"N\"}');
INSERT INTO rva_viewproperty
(`id`, `name`, `type`, `idx`, `prop_id`, `prop_sub_id`, `relation_id`, `width`, `height`, `form_init_value`, `form_init_replace_empty`, `form_init_replace`, `form_submit_value`, `form_submit_replace_empty`, `form_submit_replace`, `form_submit`, `form_row_span`, `form_col_span`, `form_required`, `form_value_max`, `form_value_min`, `form_readonly`, `form_related_crud`, `form_selector_single`, `form_inputor_search`, `form_inputor_data`, `form_filter_prop`, `form_filter_value`, `list_order_type`, `list_order_idx`, `list_sql`, `list_expression`, `list_buttons`, `search_filter`, `search_type`, `search_expression`, `number_scale`, `dict_type`, `view_id`, `data`)
VALUES ('c0_sys_dept_type', '类型', 'select', '4', 'sys_dept_type', null, null, '0', '0', '4', 'Y', 'N', null, 'N', 'N', 'Y', '2', '2', 'Y', '20', '0', 'N', null, 'Y', null, null, null, null, 'ASC', '-1', null, null, null, 'N', null, null, '0', 'sys_dept_leixing', 'c0_sys_dept', '{\"textareaRows\": \"0\", \"selectAllowCreate\": \"N\", \"selectorOptionEditable\": \"N\"}');
INSERT INTO rva_viewproperty
(`id`, `name`, `type`, `idx`, `prop_id`, `prop_sub_id`, `relation_id`, `width`, `height`, `form_init_value`, `form_init_replace_empty`, `form_init_replace`, `form_submit_value`, `form_submit_replace_empty`, `form_submit_replace`, `form_submit`, `form_row_span`, `form_col_span`, `form_required`, `form_value_max`, `form_value_min`, `form_readonly`, `form_related_crud`, `form_selector_single`, `form_inputor_search`, `form_inputor_data`, `form_filter_prop`, `form_filter_value`, `list_order_type`, `list_order_idx`, `list_sql`, `list_expression`, `list_buttons`, `search_filter`, `search_type`, `search_expression`, `number_scale`, `dict_type`, `view_id`, `data`)
VALUES ('c0_sys_dept_order_num', '显示顺序', 'numberfield', '5', 'sys_dept_order_num', null, null, '0', '0', '0', 'Y', 'N', null, 'N', 'N', 'Y', '1', '1', 'Y', '9999', '0', 'N', null, 'Y', null, null, null, null, 'ASC', '-1', null, null, null, 'N', null, null, '0', null, 'c0_sys_dept', '{\"textareaRows\": \"0\", \"selectAllowCreate\": \"N\", \"selectorOptionEditable\": \"N\"}');
INSERT INTO rva_viewproperty
(`id`, `name`, `type`, `idx`, `prop_id`, `prop_sub_id`, `relation_id`, `width`, `height`, `form_init_value`, `form_init_replace_empty`, `form_init_replace`, `form_submit_value`, `form_submit_replace_empty`, `form_submit_replace`, `form_submit`, `form_row_span`, `form_col_span`, `form_required`, `form_value_max`, `form_value_min`, `form_readonly`, `form_related_crud`, `form_selector_single`, `form_inputor_search`, `form_inputor_data`, `form_filter_prop`, `form_filter_value`, `list_order_type`, `list_order_idx`, `list_sql`, `list_expression`, `list_buttons`, `search_filter`, `search_type`, `search_expression`, `number_scale`, `dict_type`, `view_id`, `data`)
VALUES ('c0_sys_dept_leader', '负责人', 'textfield', '6', 'sys_dept_leader', null, null, '0', '0', null, 'Y', 'N', null, 'N', 'N', 'Y', '1', '1', 'N', '20', '0', 'N', null, 'Y', null, null, null, null, 'ASC', '-1', null, null, null, 'N', null, null, '0', null, 'c0_sys_dept', null);
INSERT INTO rva_viewproperty
(`id`, `name`, `type`, `idx`, `prop_id`, `prop_sub_id`, `relation_id`, `width`, `height`, `form_init_value`, `form_init_replace_empty`, `form_init_replace`, `form_submit_value`, `form_submit_replace_empty`, `form_submit_replace`, `form_submit`, `form_row_span`, `form_col_span`, `form_required`, `form_value_max`, `form_value_min`, `form_readonly`, `form_related_crud`, `form_selector_single`, `form_inputor_search`, `form_inputor_data`, `form_filter_prop`, `form_filter_value`, `list_order_type`, `list_order_idx`, `list_sql`, `list_expression`, `list_buttons`, `search_filter`, `search_type`, `search_expression`, `number_scale`, `dict_type`, `view_id`, `data`)
VALUES ('c0_sys_dept_phone', '联系电话', 'textfield', '7', 'sys_dept_phone', null, null, '0', '0', null, 'Y', 'N', null, 'N', 'N', 'Y', '1', '1', 'N', '11', '0', 'N', null, 'Y', null, null, null, null, 'ASC', '-1', null, null, null, 'N', null, null, '0', null, 'c0_sys_dept', null);
INSERT INTO rva_viewproperty
(`id`, `name`, `type`, `idx`, `prop_id`, `prop_sub_id`, `relation_id`, `width`, `height`, `form_init_value`, `form_init_replace_empty`, `form_init_replace`, `form_submit_value`, `form_submit_replace_empty`, `form_submit_replace`, `form_submit`, `form_row_span`, `form_col_span`, `form_required`, `form_value_max`, `form_value_min`, `form_readonly`, `form_related_crud`, `form_selector_single`, `form_inputor_search`, `form_inputor_data`, `form_filter_prop`, `form_filter_value`, `list_order_type`, `list_order_idx`, `list_sql`, `list_expression`, `list_buttons`, `search_filter`, `search_type`, `search_expression`, `number_scale`, `dict_type`, `view_id`, `data`)
VALUES ('c0_sys_dept_email', '邮箱', 'textfield', '8', 'sys_dept_email', null, null, '0', '0', null, 'Y', 'N', null, 'N', 'N', 'Y', '1', '1', 'N', '50', '0', 'N', null, 'Y', null, null, null, null, 'ASC', '-1', null, null, null, 'N', null, null, '0', null, 'c0_sys_dept', null);
INSERT INTO rva_viewproperty
(`id`, `name`, `type`, `idx`, `prop_id`, `prop_sub_id`, `relation_id`, `width`, `height`, `form_init_value`, `form_init_replace_empty`, `form_init_replace`, `form_submit_value`, `form_submit_replace_empty`, `form_submit_replace`, `form_submit`, `form_row_span`, `form_col_span`, `form_required`, `form_value_max`, `form_value_min`, `form_readonly`, `form_related_crud`, `form_selector_single`, `form_inputor_search`, `form_inputor_data`, `form_filter_prop`, `form_filter_value`, `list_order_type`, `list_order_idx`, `list_sql`, `list_expression`, `list_buttons`, `search_filter`, `search_type`, `search_expression`, `number_scale`, `dict_type`, `view_id`, `data`)
VALUES ('c0_sys_dept_status', '部门状态', 'radio', '9', 'sys_dept_status', null, null, '0', '0', '0', 'Y', 'N', null, 'N', 'N', 'Y', '1', '1', 'N', '1', '0', 'N', null, 'Y', null, null, null, null, 'ASC', '-1', null, null, null, 'N', null, null, '0', 'sys_dept_bumenzhuangtai', 'c0_sys_dept', '{\"textareaRows\": \"0\", \"selectAllowCreate\": \"N\", \"selectorOptionEditable\": \"N\"}');
INSERT INTO rva_viewproperty
(`id`, `name`, `type`, `idx`, `prop_id`, `prop_sub_id`, `relation_id`, `width`, `height`, `form_init_value`, `form_init_replace_empty`, `form_init_replace`, `form_submit_value`, `form_submit_replace_empty`, `form_submit_replace`, `form_submit`, `form_row_span`, `form_col_span`, `form_required`, `form_value_max`, `form_value_min`, `form_readonly`, `form_related_crud`, `form_selector_single`, `form_inputor_search`, `form_inputor_data`, `form_filter_prop`, `form_filter_value`, `list_order_type`, `list_order_idx`, `list_sql`, `list_expression`, `list_buttons`, `search_filter`, `search_type`, `search_expression`, `number_scale`, `dict_type`, `view_id`, `data`)
VALUES ('c0_sys_dept_del_flag', '删除标志', 'hidden', '10', 'sys_dept_del_flag', null, null, '0', '0', '0', 'Y', 'N', null, 'N', 'N', 'Y', '1', '1', 'N', '1', '0', 'N', null, 'Y', null, null, null, null, 'ASC', '-1', null, null, null, 'N', null, null, '0', 'sys_dept_shanchubiaozhi', 'c0_sys_dept', '{\"textareaRows\": \"0\", \"selectAllowCreate\": \"N\", \"selectorOptionEditable\": \"N\"}');
INSERT INTO rva_viewproperty
(`id`, `name`, `type`, `idx`, `prop_id`, `prop_sub_id`, `relation_id`, `width`, `height`, `form_init_value`, `form_init_replace_empty`, `form_init_replace`, `form_submit_value`, `form_submit_replace_empty`, `form_submit_replace`, `form_submit`, `form_row_span`, `form_col_span`, `form_required`, `form_value_max`, `form_value_min`, `form_readonly`, `form_related_crud`, `form_selector_single`, `form_inputor_search`, `form_inputor_data`, `form_filter_prop`, `form_filter_value`, `list_order_type`, `list_order_idx`, `list_sql`, `list_expression`, `list_buttons`, `search_filter`, `search_type`, `search_expression`, `number_scale`, `dict_type`, `view_id`, `data`)
VALUES ('c0_sys_dept_create_by', '创建者', 'hidden', '11', 'sys_dept_create_by', null, null, '0', '0', '${rvaLoginUser.userId}', 'Y', 'N', null, 'N', 'N', 'Y', '1', '1', 'N', '64', '0', 'N', null, 'Y', null, null, null, null, 'ASC', '-1', null, null, null, 'N', null, null, '0', null, 'c0_sys_dept', null);
INSERT INTO rva_viewproperty
(`id`, `name`, `type`, `idx`, `prop_id`, `prop_sub_id`, `relation_id`, `width`, `height`, `form_init_value`, `form_init_replace_empty`, `form_init_replace`, `form_submit_value`, `form_submit_replace_empty`, `form_submit_replace`, `form_submit`, `form_row_span`, `form_col_span`, `form_required`, `form_value_max`, `form_value_min`, `form_readonly`, `form_related_crud`, `form_selector_single`, `form_inputor_search`, `form_inputor_data`, `form_filter_prop`, `form_filter_value`, `list_order_type`, `list_order_idx`, `list_sql`, `list_expression`, `list_buttons`, `search_filter`, `search_type`, `search_expression`, `number_scale`, `dict_type`, `view_id`, `data`)
VALUES ('c0_sys_dept_create_time', '创建时间', 'hidden', '12', 'sys_dept_create_time', null, null, '0', '0', '${rvaDateUtils.now}', 'Y', 'N', '${rvaDateUtils.now}', 'Y', 'Y', 'Y', '1', '1', 'N', null, null, 'N', null, 'Y', null, null, null, null, 'ASC', '-1', null, null, null, 'N', null, null, '0', null, 'c0_sys_dept', null);
INSERT INTO rva_viewproperty
(`id`, `name`, `type`, `idx`, `prop_id`, `prop_sub_id`, `relation_id`, `width`, `height`, `form_init_value`, `form_init_replace_empty`, `form_init_replace`, `form_submit_value`, `form_submit_replace_empty`, `form_submit_replace`, `form_submit`, `form_row_span`, `form_col_span`, `form_required`, `form_value_max`, `form_value_min`, `form_readonly`, `form_related_crud`, `form_selector_single`, `form_inputor_search`, `form_inputor_data`, `form_filter_prop`, `form_filter_value`, `list_order_type`, `list_order_idx`, `list_sql`, `list_expression`, `list_buttons`, `search_filter`, `search_type`, `search_expression`, `number_scale`, `dict_type`, `view_id`, `data`)
VALUES ('c0_sys_dept_update_by', '更新者', 'hidden', '13', 'sys_dept_update_by', null, null, '0', '0', '${rvaLoginUser.userId}', 'Y', 'N', null, 'N', 'N', 'Y', '1', '1', 'N', '64', '0', 'N', null, 'Y', null, null, null, null, 'ASC', '-1', null, null, null, 'N', null, null, '0', null, 'c0_sys_dept', null);
INSERT INTO rva_viewproperty
(`id`, `name`, `type`, `idx`, `prop_id`, `prop_sub_id`, `relation_id`, `width`, `height`, `form_init_value`, `form_init_replace_empty`, `form_init_replace`, `form_submit_value`, `form_submit_replace_empty`, `form_submit_replace`, `form_submit`, `form_row_span`, `form_col_span`, `form_required`, `form_value_max`, `form_value_min`, `form_readonly`, `form_related_crud`, `form_selector_single`, `form_inputor_search`, `form_inputor_data`, `form_filter_prop`, `form_filter_value`, `list_order_type`, `list_order_idx`, `list_sql`, `list_expression`, `list_buttons`, `search_filter`, `search_type`, `search_expression`, `number_scale`, `dict_type`, `view_id`, `data`)
VALUES ('c0_sys_dept_update_time', '更新时间', 'hidden', '14', 'sys_dept_update_time', null, null, '0', '0', '${rvaDateUtils.now}', 'Y', 'N', '${rvaDateUtils.now}', 'Y', 'Y', 'Y', '1', '1', 'N', null, null, 'N', null, 'Y', null, null, null, null, 'ASC', '-1', null, null, null, 'N', null, null, '0', null, 'c0_sys_dept', null);
-- view - rva_viewproperty : c0_sys_dept -- end --
-- view - rva_viewbutton : c0_sys_dept -- start --
delete from rva_viewbutton where view_id = 'c0_sys_dept';
INSERT INTO rva_viewbutton
(`id`, `name`, `type`, `idx`, `icon`, `cls`, `position`, `readonly_show`, `action`, `action_url`, `action_dialog_view_id`, `action_dialog_app_id`, `action_success`, `action_failure`, `select_type`, `show_if`, `view_id`, `data`)
VALUES ('c0_sys_dept_submit_create', '提交', 'ajax', '0', 'el-icon-check', 'primary', 'form', 'N', null, '/rva/view/c0_sys_dept/submit/create', null, null, 'loadList', null, null, null, 'c0_sys_dept', '{\"cascadeDelete\":\"N\"}');
INSERT INTO rva_viewbutton
(`id`, `name`, `type`, `idx`, `icon`, `cls`, `position`, `readonly_show`, `action`, `action_url`, `action_dialog_view_id`, `action_dialog_app_id`, `action_success`, `action_failure`, `select_type`, `show_if`, `view_id`, `data`)
VALUES ('c0_sys_dept_reset_create', '重置', 'js', '1', 'el-icon-refresh-left', 'warning', 'form', 'N', 'resetView', null, null, null, null, null, null, null, 'c0_sys_dept', '{\"cascadeDelete\":\"N\"}');
INSERT INTO rva_viewbutton
(`id`, `name`, `type`, `idx`, `icon`, `cls`, `position`, `readonly_show`, `action`, `action_url`, `action_dialog_view_id`, `action_dialog_app_id`, `action_success`, `action_failure`, `select_type`, `show_if`, `view_id`, `data`)
VALUES ('c0_sys_dept_close_create', '取消', 'js', '2', 'el-icon-close', null, 'form', 'N', 'closeView', null, null, null, null, null, null, null, 'c0_sys_dept', '{\"cascadeDelete\":\"N\"}');
-- view - rva_viewbutton : c0_sys_dept -- end --
-- view - rva_trigger : c0_sys_dept -- start --
delete from rva_triggeraction where trigger_id in (select id from rva_trigger where view_id = 'c0_sys_dept');
delete from rva_trigger where view_id = 'c0_sys_dept';
-- view - rva_trigger : c0_sys_dept -- end --
-- view - rva_view : c0_sys_dept -- start --
delete from rva_view where id = 'c0_sys_dept';
INSERT INTO rva_view
(`id`, `name`, `type`, `idx`, `width`, `height`, `obj_id`, `load_before_sql`, `load_after_sql`, `load_sql`, `load_where`, `form_columns`, `form_readonly`, `load_url`, `form_submit_url`, `form_submit_before_sql`, `form_submit_after_sql`, `list_rows`, `list_paging`, `data`)
VALUES ('c0_sys_dept', '新建部门表', 'form', '0', '900', '600', 'sys_dept', null, null, null, 'dept.dept_id = \'${selection.get(0)[\'keyPropValue\']}\'', '1', 'N', '/rva/view/c0_sys_dept/load/create', null, null, 'SELECT  (SELECT CONCAT(ancestors,\',\',${c0_sys_dept_parent_id})  FROM sys_dept WHERE dept_id=${c0_sys_dept_parent_id}) INTO @ancestors;
 UPDATE sys_dept SET ancestors= @ancestors WHERE  dept_id =(select last_insert_id());', '10', 'Y', '{\"uiType\": \"form\", \"logName\": \"null\", \"cascaded\": \"N\", \"logTable\": \"N\", \"logWhere\": \"null\", \"logFkValue\": \"null\", \"logKeyValue\": \"null\"}');
-- view - rva_view : c0_sys_dept -- end --
-- view : c0_sys_dept -- end --
-- view : u0_sys_dept -- start --
-- view - rva_viewproperty : u0_sys_dept -- start --
delete from rva_viewproperty where view_id = 'u0_sys_dept';
INSERT INTO rva_viewproperty
(`id`, `name`, `type`, `idx`, `prop_id`, `prop_sub_id`, `relation_id`, `width`, `height`, `form_init_value`, `form_init_replace_empty`, `form_init_replace`, `form_submit_value`, `form_submit_replace_empty`, `form_submit_replace`, `form_submit`, `form_row_span`, `form_col_span`, `form_required`, `form_value_max`, `form_value_min`, `form_readonly`, `form_related_crud`, `form_selector_single`, `form_inputor_search`, `form_inputor_data`, `form_filter_prop`, `form_filter_value`, `list_order_type`, `list_order_idx`, `list_sql`, `list_expression`, `list_buttons`, `search_filter`, `search_type`, `search_expression`, `number_scale`, `dict_type`, `view_id`, `data`)
VALUES ('u0_sys_dept_dept_id', '部门id', 'hidden', '0', 'sys_dept_dept_id', null, null, '0', '0', null, 'Y', 'N', null, 'N', 'N', 'Y', '1', '1', 'Y', null, null, 'Y', null, 'Y', null, null, null, null, 'ASC', '-1', null, null, null, 'N', null, null, '0', null, 'u0_sys_dept', null);
INSERT INTO rva_viewproperty
(`id`, `name`, `type`, `idx`, `prop_id`, `prop_sub_id`, `relation_id`, `width`, `height`, `form_init_value`, `form_init_replace_empty`, `form_init_replace`, `form_submit_value`, `form_submit_replace_empty`, `form_submit_replace`, `form_submit`, `form_row_span`, `form_col_span`, `form_required`, `form_value_max`, `form_value_min`, `form_readonly`, `form_related_crud`, `form_selector_single`, `form_inputor_search`, `form_inputor_data`, `form_filter_prop`, `form_filter_value`, `list_order_type`, `list_order_idx`, `list_sql`, `list_expression`, `list_buttons`, `search_filter`, `search_type`, `search_expression`, `number_scale`, `dict_type`, `view_id`, `data`)
VALUES ('u0_sys_dept_ancestors', '祖级列表', 'hidden', '1', 'sys_dept_ancestors', null, null, '0', '0', null, 'Y', 'N', null, 'N', 'N', 'Y', '1', '1', 'N', '50', '0', 'N', null, 'Y', null, null, null, null, 'ASC', '-1', null, null, null, 'N', null, null, '0', null, 'u0_sys_dept', '{\"textareaRows\": \"0\", \"selectAllowCreate\": \"N\", \"selectorOptionEditable\": \"N\"}');
INSERT INTO rva_viewproperty
(`id`, `name`, `type`, `idx`, `prop_id`, `prop_sub_id`, `relation_id`, `width`, `height`, `form_init_value`, `form_init_replace_empty`, `form_init_replace`, `form_submit_value`, `form_submit_replace_empty`, `form_submit_replace`, `form_submit`, `form_row_span`, `form_col_span`, `form_required`, `form_value_max`, `form_value_min`, `form_readonly`, `form_related_crud`, `form_selector_single`, `form_inputor_search`, `form_inputor_data`, `form_filter_prop`, `form_filter_value`, `list_order_type`, `list_order_idx`, `list_sql`, `list_expression`, `list_buttons`, `search_filter`, `search_type`, `search_expression`, `number_scale`, `dict_type`, `view_id`, `data`)
VALUES ('u0_sys_dept_parent_id', '上级部门', 'depttree', '2', 'sys_dept_parent_id', null, null, '0', '0', '0', 'Y', 'N', null, 'N', 'N', 'Y', '1', '1', 'Y', null, null, 'N', null, 'Y', null, null, null, null, 'ASC', '-1', null, null, null, 'N', null, null, '0', null, 'u0_sys_dept', '{\"textareaRows\": \"0\", \"selectAllowCreate\": \"N\", \"selectorOptionEditable\": \"N\"}');
INSERT INTO rva_viewproperty
(`id`, `name`, `type`, `idx`, `prop_id`, `prop_sub_id`, `relation_id`, `width`, `height`, `form_init_value`, `form_init_replace_empty`, `form_init_replace`, `form_submit_value`, `form_submit_replace_empty`, `form_submit_replace`, `form_submit`, `form_row_span`, `form_col_span`, `form_required`, `form_value_max`, `form_value_min`, `form_readonly`, `form_related_crud`, `form_selector_single`, `form_inputor_search`, `form_inputor_data`, `form_filter_prop`, `form_filter_value`, `list_order_type`, `list_order_idx`, `list_sql`, `list_expression`, `list_buttons`, `search_filter`, `search_type`, `search_expression`, `number_scale`, `dict_type`, `view_id`, `data`)
VALUES ('u0_sys_dept_dept_name', '部门名称', 'textfield', '3', 'sys_dept_dept_name', null, null, '0', '0', null, 'Y', 'N', null, 'N', 'N', 'Y', '1', '1', 'Y', '30', '0', 'N', null, 'Y', null, null, null, null, 'ASC', '-1', null, null, null, 'N', null, null, '0', null, 'u0_sys_dept', '{\"textareaRows\": \"0\", \"selectAllowCreate\": \"N\", \"selectorOptionEditable\": \"N\"}');
INSERT INTO rva_viewproperty
(`id`, `name`, `type`, `idx`, `prop_id`, `prop_sub_id`, `relation_id`, `width`, `height`, `form_init_value`, `form_init_replace_empty`, `form_init_replace`, `form_submit_value`, `form_submit_replace_empty`, `form_submit_replace`, `form_submit`, `form_row_span`, `form_col_span`, `form_required`, `form_value_max`, `form_value_min`, `form_readonly`, `form_related_crud`, `form_selector_single`, `form_inputor_search`, `form_inputor_data`, `form_filter_prop`, `form_filter_value`, `list_order_type`, `list_order_idx`, `list_sql`, `list_expression`, `list_buttons`, `search_filter`, `search_type`, `search_expression`, `number_scale`, `dict_type`, `view_id`, `data`)
VALUES ('u0_sys_dept_type', '类型', 'select', '4', 'sys_dept_type', null, null, '0', '0', null, 'Y', 'N', null, 'N', 'N', 'Y', '1', '1', 'Y', '20', '0', 'N', null, 'Y', null, null, null, null, 'ASC', '-1', null, null, null, 'N', null, null, '0', 'sys_dept_leixing', 'u0_sys_dept', '{\"fileSize\": \"\", \"fileType\": \"\", \"fileLimit\": \"\", \"labelWidth\": \"\", \"requiredIf\": \"\", \"textareaRows\": \"0\", \"autoCropWidth\": \"\", \"autoCropHeight\": \"\", \"relatedCrudWhere\": \"\", \"selectAllowCreate\": \"N\", \"selectorInitOptions\": \"\", \"selectorOptionLabel\": \"\", \"selectorOptionValue\": \"\", \"selectorOptionEditable\": \"N\"}');
INSERT INTO rva_viewproperty
(`id`, `name`, `type`, `idx`, `prop_id`, `prop_sub_id`, `relation_id`, `width`, `height`, `form_init_value`, `form_init_replace_empty`, `form_init_replace`, `form_submit_value`, `form_submit_replace_empty`, `form_submit_replace`, `form_submit`, `form_row_span`, `form_col_span`, `form_required`, `form_value_max`, `form_value_min`, `form_readonly`, `form_related_crud`, `form_selector_single`, `form_inputor_search`, `form_inputor_data`, `form_filter_prop`, `form_filter_value`, `list_order_type`, `list_order_idx`, `list_sql`, `list_expression`, `list_buttons`, `search_filter`, `search_type`, `search_expression`, `number_scale`, `dict_type`, `view_id`, `data`)
VALUES ('u0_sys_dept_order_num', '显示顺序', 'numberfield', '5', 'sys_dept_order_num', null, null, '0', '0', '0', 'Y', 'N', null, 'N', 'N', 'Y', '1', '1', 'Y', '9999', '0', 'N', null, 'Y', null, null, null, null, 'ASC', '-1', null, null, null, 'N', null, null, '0', null, 'u0_sys_dept', '{\"textareaRows\": \"0\", \"selectAllowCreate\": \"N\", \"selectorOptionEditable\": \"N\"}');
INSERT INTO rva_viewproperty
(`id`, `name`, `type`, `idx`, `prop_id`, `prop_sub_id`, `relation_id`, `width`, `height`, `form_init_value`, `form_init_replace_empty`, `form_init_replace`, `form_submit_value`, `form_submit_replace_empty`, `form_submit_replace`, `form_submit`, `form_row_span`, `form_col_span`, `form_required`, `form_value_max`, `form_value_min`, `form_readonly`, `form_related_crud`, `form_selector_single`, `form_inputor_search`, `form_inputor_data`, `form_filter_prop`, `form_filter_value`, `list_order_type`, `list_order_idx`, `list_sql`, `list_expression`, `list_buttons`, `search_filter`, `search_type`, `search_expression`, `number_scale`, `dict_type`, `view_id`, `data`)
VALUES ('u0_sys_dept_leader', '负责人', 'textfield', '6', 'sys_dept_leader', null, null, '0', '0', null, 'Y', 'N', null, 'N', 'N', 'Y', '1', '1', 'N', '20', '0', 'N', null, 'Y', null, null, null, null, 'ASC', '-1', null, null, null, 'N', null, null, '0', null, 'u0_sys_dept', null);
INSERT INTO rva_viewproperty
(`id`, `name`, `type`, `idx`, `prop_id`, `prop_sub_id`, `relation_id`, `width`, `height`, `form_init_value`, `form_init_replace_empty`, `form_init_replace`, `form_submit_value`, `form_submit_replace_empty`, `form_submit_replace`, `form_submit`, `form_row_span`, `form_col_span`, `form_required`, `form_value_max`, `form_value_min`, `form_readonly`, `form_related_crud`, `form_selector_single`, `form_inputor_search`, `form_inputor_data`, `form_filter_prop`, `form_filter_value`, `list_order_type`, `list_order_idx`, `list_sql`, `list_expression`, `list_buttons`, `search_filter`, `search_type`, `search_expression`, `number_scale`, `dict_type`, `view_id`, `data`)
VALUES ('u0_sys_dept_phone', '联系电话', 'textfield', '7', 'sys_dept_phone', null, null, '0', '0', null, 'Y', 'N', null, 'N', 'N', 'Y', '1', '1', 'N', '11', '0', 'N', null, 'Y', null, null, null, null, 'ASC', '-1', null, null, null, 'N', null, null, '0', null, 'u0_sys_dept', null);
INSERT INTO rva_viewproperty
(`id`, `name`, `type`, `idx`, `prop_id`, `prop_sub_id`, `relation_id`, `width`, `height`, `form_init_value`, `form_init_replace_empty`, `form_init_replace`, `form_submit_value`, `form_submit_replace_empty`, `form_submit_replace`, `form_submit`, `form_row_span`, `form_col_span`, `form_required`, `form_value_max`, `form_value_min`, `form_readonly`, `form_related_crud`, `form_selector_single`, `form_inputor_search`, `form_inputor_data`, `form_filter_prop`, `form_filter_value`, `list_order_type`, `list_order_idx`, `list_sql`, `list_expression`, `list_buttons`, `search_filter`, `search_type`, `search_expression`, `number_scale`, `dict_type`, `view_id`, `data`)
VALUES ('u0_sys_dept_email', '邮箱', 'textfield', '8', 'sys_dept_email', null, null, '0', '0', null, 'Y', 'N', null, 'N', 'N', 'Y', '1', '1', 'N', '50', '0', 'N', null, 'Y', null, null, null, null, 'ASC', '-1', null, null, null, 'N', null, null, '0', null, 'u0_sys_dept', null);
INSERT INTO rva_viewproperty
(`id`, `name`, `type`, `idx`, `prop_id`, `prop_sub_id`, `relation_id`, `width`, `height`, `form_init_value`, `form_init_replace_empty`, `form_init_replace`, `form_submit_value`, `form_submit_replace_empty`, `form_submit_replace`, `form_submit`, `form_row_span`, `form_col_span`, `form_required`, `form_value_max`, `form_value_min`, `form_readonly`, `form_related_crud`, `form_selector_single`, `form_inputor_search`, `form_inputor_data`, `form_filter_prop`, `form_filter_value`, `list_order_type`, `list_order_idx`, `list_sql`, `list_expression`, `list_buttons`, `search_filter`, `search_type`, `search_expression`, `number_scale`, `dict_type`, `view_id`, `data`)
VALUES ('u0_sys_dept_status', '部门状态', 'radio', '9', 'sys_dept_status', null, null, '0', '0', '0', 'Y', 'N', null, 'N', 'N', 'Y', '1', '1', 'N', '1', '0', 'N', null, 'Y', null, null, null, null, 'ASC', '-1', null, null, null, 'N', null, null, '0', 'sys_dept_bumenzhuangtai', 'u0_sys_dept', '{\"textareaRows\": \"0\", \"selectAllowCreate\": \"N\", \"selectorOptionEditable\": \"N\"}');
INSERT INTO rva_viewproperty
(`id`, `name`, `type`, `idx`, `prop_id`, `prop_sub_id`, `relation_id`, `width`, `height`, `form_init_value`, `form_init_replace_empty`, `form_init_replace`, `form_submit_value`, `form_submit_replace_empty`, `form_submit_replace`, `form_submit`, `form_row_span`, `form_col_span`, `form_required`, `form_value_max`, `form_value_min`, `form_readonly`, `form_related_crud`, `form_selector_single`, `form_inputor_search`, `form_inputor_data`, `form_filter_prop`, `form_filter_value`, `list_order_type`, `list_order_idx`, `list_sql`, `list_expression`, `list_buttons`, `search_filter`, `search_type`, `search_expression`, `number_scale`, `dict_type`, `view_id`, `data`)
VALUES ('u0_sys_dept_del_flag', '删除标志', 'hidden', '10', 'sys_dept_del_flag', null, null, '0', '0', '0', 'Y', 'N', null, 'N', 'N', 'Y', '1', '1', 'N', '1', '0', 'N', null, 'Y', null, null, null, null, 'ASC', '-1', null, null, null, 'N', null, null, '0', 'sys_dept_shanchubiaozhi', 'u0_sys_dept', '{\"textareaRows\": \"0\", \"selectAllowCreate\": \"N\", \"selectorOptionEditable\": \"N\"}');
INSERT INTO rva_viewproperty
(`id`, `name`, `type`, `idx`, `prop_id`, `prop_sub_id`, `relation_id`, `width`, `height`, `form_init_value`, `form_init_replace_empty`, `form_init_replace`, `form_submit_value`, `form_submit_replace_empty`, `form_submit_replace`, `form_submit`, `form_row_span`, `form_col_span`, `form_required`, `form_value_max`, `form_value_min`, `form_readonly`, `form_related_crud`, `form_selector_single`, `form_inputor_search`, `form_inputor_data`, `form_filter_prop`, `form_filter_value`, `list_order_type`, `list_order_idx`, `list_sql`, `list_expression`, `list_buttons`, `search_filter`, `search_type`, `search_expression`, `number_scale`, `dict_type`, `view_id`, `data`)
VALUES ('u0_sys_dept_create_by', '创建者', 'hidden', '11', 'sys_dept_create_by', null, null, '0', '0', null, 'Y', 'N', null, 'N', 'N', 'N', '1', '1', 'N', '64', '0', 'Y', 'crud0_sys_user', 'Y', null, null, null, null, 'ASC', '-1', null, null, null, 'N', null, null, '0', null, 'u0_sys_dept', '{\"textareaRows\": \"0\", \"selectAllowCreate\": \"N\", \"selectorOptionEditable\": \"N\"}');
INSERT INTO rva_viewproperty
(`id`, `name`, `type`, `idx`, `prop_id`, `prop_sub_id`, `relation_id`, `width`, `height`, `form_init_value`, `form_init_replace_empty`, `form_init_replace`, `form_submit_value`, `form_submit_replace_empty`, `form_submit_replace`, `form_submit`, `form_row_span`, `form_col_span`, `form_required`, `form_value_max`, `form_value_min`, `form_readonly`, `form_related_crud`, `form_selector_single`, `form_inputor_search`, `form_inputor_data`, `form_filter_prop`, `form_filter_value`, `list_order_type`, `list_order_idx`, `list_sql`, `list_expression`, `list_buttons`, `search_filter`, `search_type`, `search_expression`, `number_scale`, `dict_type`, `view_id`, `data`)
VALUES ('u0_sys_dept_create_time', '创建时间', 'hidden', '12', 'sys_dept_create_time', null, null, '0', '0', null, 'Y', 'N', null, 'N', 'N', 'N', '1', '1', 'N', null, null, 'Y', null, 'Y', null, null, null, null, 'ASC', '-1', null, null, null, 'N', null, null, '0', null, 'u0_sys_dept', '{\"textareaRows\": \"0\", \"selectAllowCreate\": \"N\", \"selectorOptionEditable\": \"N\"}');
INSERT INTO rva_viewproperty
(`id`, `name`, `type`, `idx`, `prop_id`, `prop_sub_id`, `relation_id`, `width`, `height`, `form_init_value`, `form_init_replace_empty`, `form_init_replace`, `form_submit_value`, `form_submit_replace_empty`, `form_submit_replace`, `form_submit`, `form_row_span`, `form_col_span`, `form_required`, `form_value_max`, `form_value_min`, `form_readonly`, `form_related_crud`, `form_selector_single`, `form_inputor_search`, `form_inputor_data`, `form_filter_prop`, `form_filter_value`, `list_order_type`, `list_order_idx`, `list_sql`, `list_expression`, `list_buttons`, `search_filter`, `search_type`, `search_expression`, `number_scale`, `dict_type`, `view_id`, `data`)
VALUES ('u0_sys_dept_update_by', '更新者', 'hidden', '13', 'sys_dept_update_by', null, null, '0', '0', null, 'Y', 'N', '${rvaLoginUser.userId}', 'Y', 'Y', 'Y', '1', '1', 'N', '64', '0', 'Y', 'crud0_sys_user', 'Y', null, null, null, null, 'ASC', '-1', null, null, null, 'N', null, null, '0', null, 'u0_sys_dept', '{\"textareaRows\": \"0\", \"selectAllowCreate\": \"N\", \"selectorOptionEditable\": \"N\"}');
INSERT INTO rva_viewproperty
(`id`, `name`, `type`, `idx`, `prop_id`, `prop_sub_id`, `relation_id`, `width`, `height`, `form_init_value`, `form_init_replace_empty`, `form_init_replace`, `form_submit_value`, `form_submit_replace_empty`, `form_submit_replace`, `form_submit`, `form_row_span`, `form_col_span`, `form_required`, `form_value_max`, `form_value_min`, `form_readonly`, `form_related_crud`, `form_selector_single`, `form_inputor_search`, `form_inputor_data`, `form_filter_prop`, `form_filter_value`, `list_order_type`, `list_order_idx`, `list_sql`, `list_expression`, `list_buttons`, `search_filter`, `search_type`, `search_expression`, `number_scale`, `dict_type`, `view_id`, `data`)
VALUES ('u0_sys_dept_update_time', '更新时间', 'hidden', '14', 'sys_dept_update_time', null, null, '0', '0', null, 'Y', 'N', '${rvaDateUtils.now}', 'Y', 'Y', 'Y', '1', '1', 'N', null, null, 'Y', null, 'Y', null, null, null, null, 'ASC', '-1', null, null, null, 'N', null, null, '0', null, 'u0_sys_dept', '{\"textareaRows\": \"0\", \"selectAllowCreate\": \"N\", \"selectorOptionEditable\": \"N\"}');
-- view - rva_viewproperty : u0_sys_dept -- end --
-- view - rva_viewbutton : u0_sys_dept -- start --
delete from rva_viewbutton where view_id = 'u0_sys_dept';
INSERT INTO rva_viewbutton
(`id`, `name`, `type`, `idx`, `icon`, `cls`, `position`, `readonly_show`, `action`, `action_url`, `action_dialog_view_id`, `action_dialog_app_id`, `action_success`, `action_failure`, `select_type`, `show_if`, `view_id`, `data`)
VALUES ('u0_sys_dept_submit_update', '提交', 'ajax', '0', 'el-icon-check', 'primary', 'form', 'N', null, '/rva/view/u0_sys_dept/submit/update', null, null, 'loadList', null, null, null, 'u0_sys_dept', '{\"cascadeDelete\":\"N\"}');
INSERT INTO rva_viewbutton
(`id`, `name`, `type`, `idx`, `icon`, `cls`, `position`, `readonly_show`, `action`, `action_url`, `action_dialog_view_id`, `action_dialog_app_id`, `action_success`, `action_failure`, `select_type`, `show_if`, `view_id`, `data`)
VALUES ('u0_sys_dept_reset_update', '重置', 'js', '1', 'el-icon-refresh-left', 'warning', 'form', 'N', 'resetView', null, null, null, null, null, null, null, 'u0_sys_dept', '{\"cascadeDelete\":\"N\"}');
INSERT INTO rva_viewbutton
(`id`, `name`, `type`, `idx`, `icon`, `cls`, `position`, `readonly_show`, `action`, `action_url`, `action_dialog_view_id`, `action_dialog_app_id`, `action_success`, `action_failure`, `select_type`, `show_if`, `view_id`, `data`)
VALUES ('u0_sys_dept_close_update', '取消', 'js', '2', 'el-icon-close', null, 'form', 'N', 'closeView', null, null, null, null, null, null, null, 'u0_sys_dept', '{\"cascadeDelete\":\"N\"}');
-- view - rva_viewbutton : u0_sys_dept -- end --
-- view - rva_trigger : u0_sys_dept -- start --
delete from rva_triggeraction where trigger_id in (select id from rva_trigger where view_id = 'u0_sys_dept');
delete from rva_trigger where view_id = 'u0_sys_dept';
-- view - rva_trigger : u0_sys_dept -- end --
-- view - rva_view : u0_sys_dept -- start --
delete from rva_view where id = 'u0_sys_dept';
INSERT INTO rva_view
(`id`, `name`, `type`, `idx`, `width`, `height`, `obj_id`, `load_before_sql`, `load_after_sql`, `load_sql`, `load_where`, `form_columns`, `form_readonly`, `load_url`, `form_submit_url`, `form_submit_before_sql`, `form_submit_after_sql`, `list_rows`, `list_paging`, `data`)
VALUES ('u0_sys_dept', '修改部门表', 'form', '0', '900', '600', 'sys_dept', null, null, null, 'dept.dept_id = \'${selection.get(0)[\'keyPropValue\']}\'', '1', 'N', '/rva/view/u0_sys_dept/load/update', null, null, null, '10', 'Y', '{\"logWhere\":null,\"logTable\":\"N\",\"logFkValue\":null,\"logKeyValue\":null,\"logName\":null,\"cascaded\":\"N\"}');
-- view - rva_view : u0_sys_dept -- end --
-- view : u0_sys_dept -- end --
-- view : l0_sys_dept -- start --
-- view - rva_viewproperty : l0_sys_dept -- start --
delete from rva_viewproperty where view_id = 'l0_sys_dept';
INSERT INTO rva_viewproperty
(`id`, `name`, `type`, `idx`, `prop_id`, `prop_sub_id`, `relation_id`, `width`, `height`, `form_init_value`, `form_init_replace_empty`, `form_init_replace`, `form_submit_value`, `form_submit_replace_empty`, `form_submit_replace`, `form_submit`, `form_row_span`, `form_col_span`, `form_required`, `form_value_max`, `form_value_min`, `form_readonly`, `form_related_crud`, `form_selector_single`, `form_inputor_search`, `form_inputor_data`, `form_filter_prop`, `form_filter_value`, `list_order_type`, `list_order_idx`, `list_sql`, `list_expression`, `list_buttons`, `search_filter`, `search_type`, `search_expression`, `number_scale`, `dict_type`, `view_id`, `data`)
VALUES ('l0_sys_dept_dept_id', '部门id', 'textfield', '1', 'sys_dept_dept_id', null, null, '160', '0', null, 'Y', 'N', null, 'N', 'N', 'Y', '1', '1', 'N', null, null, 'N', null, 'Y', null, null, null, null, 'ASC', '-1', null, null, null, 'N', null, null, '0', null, 'l0_sys_dept', null);
INSERT INTO rva_viewproperty
(`id`, `name`, `type`, `idx`, `prop_id`, `prop_sub_id`, `relation_id`, `width`, `height`, `form_init_value`, `form_init_replace_empty`, `form_init_replace`, `form_submit_value`, `form_submit_replace_empty`, `form_submit_replace`, `form_submit`, `form_row_span`, `form_col_span`, `form_required`, `form_value_max`, `form_value_min`, `form_readonly`, `form_related_crud`, `form_selector_single`, `form_inputor_search`, `form_inputor_data`, `form_filter_prop`, `form_filter_value`, `list_order_type`, `list_order_idx`, `list_sql`, `list_expression`, `list_buttons`, `search_filter`, `search_type`, `search_expression`, `number_scale`, `dict_type`, `view_id`, `data`)
VALUES ('l0_sys_dept_parent_id', '父部门id', 'textfield', '2', 'sys_dept_parent_id', null, null, '160', '0', null, 'Y', 'N', null, 'N', 'N', 'Y', '1', '1', 'N', null, null, 'N', null, 'Y', null, null, null, null, 'ASC', '-1', null, null, null, 'N', null, null, '0', null, 'l0_sys_dept', null);
INSERT INTO rva_viewproperty
(`id`, `name`, `type`, `idx`, `prop_id`, `prop_sub_id`, `relation_id`, `width`, `height`, `form_init_value`, `form_init_replace_empty`, `form_init_replace`, `form_submit_value`, `form_submit_replace_empty`, `form_submit_replace`, `form_submit`, `form_row_span`, `form_col_span`, `form_required`, `form_value_max`, `form_value_min`, `form_readonly`, `form_related_crud`, `form_selector_single`, `form_inputor_search`, `form_inputor_data`, `form_filter_prop`, `form_filter_value`, `list_order_type`, `list_order_idx`, `list_sql`, `list_expression`, `list_buttons`, `search_filter`, `search_type`, `search_expression`, `number_scale`, `dict_type`, `view_id`, `data`)
VALUES ('l0_sys_dept_ancestors', '祖级列表', 'textfield', '3', 'sys_dept_ancestors', null, null, '160', '0', null, 'Y', 'N', null, 'N', 'N', 'Y', '1', '1', 'N', null, null, 'N', null, 'Y', null, null, null, null, 'ASC', '-1', null, null, null, 'N', null, null, '0', null, 'l0_sys_dept', null);
INSERT INTO rva_viewproperty
(`id`, `name`, `type`, `idx`, `prop_id`, `prop_sub_id`, `relation_id`, `width`, `height`, `form_init_value`, `form_init_replace_empty`, `form_init_replace`, `form_submit_value`, `form_submit_replace_empty`, `form_submit_replace`, `form_submit`, `form_row_span`, `form_col_span`, `form_required`, `form_value_max`, `form_value_min`, `form_readonly`, `form_related_crud`, `form_selector_single`, `form_inputor_search`, `form_inputor_data`, `form_filter_prop`, `form_filter_value`, `list_order_type`, `list_order_idx`, `list_sql`, `list_expression`, `list_buttons`, `search_filter`, `search_type`, `search_expression`, `number_scale`, `dict_type`, `view_id`, `data`)
VALUES ('l0_sys_dept_dept_name', '部门名称', 'textfield', '4', 'sys_dept_dept_name', null, null, '160', '0', null, 'Y', 'N', null, 'N', 'N', 'Y', '1', '1', 'N', null, null, 'N', null, 'Y', null, null, null, null, 'ASC', '-1', null, null, null, 'N', null, null, '0', null, 'l0_sys_dept', null);
INSERT INTO rva_viewproperty
(`id`, `name`, `type`, `idx`, `prop_id`, `prop_sub_id`, `relation_id`, `width`, `height`, `form_init_value`, `form_init_replace_empty`, `form_init_replace`, `form_submit_value`, `form_submit_replace_empty`, `form_submit_replace`, `form_submit`, `form_row_span`, `form_col_span`, `form_required`, `form_value_max`, `form_value_min`, `form_readonly`, `form_related_crud`, `form_selector_single`, `form_inputor_search`, `form_inputor_data`, `form_filter_prop`, `form_filter_value`, `list_order_type`, `list_order_idx`, `list_sql`, `list_expression`, `list_buttons`, `search_filter`, `search_type`, `search_expression`, `number_scale`, `dict_type`, `view_id`, `data`)
VALUES ('l0_sys_dept_order_num', '显示顺序', 'textfield', '5', 'sys_dept_order_num', null, null, '160', '0', null, 'Y', 'N', null, 'N', 'N', 'Y', '1', '1', 'N', null, null, 'N', null, 'Y', null, null, null, null, 'ASC', '-1', null, null, null, 'N', null, null, '0', null, 'l0_sys_dept', null);
INSERT INTO rva_viewproperty
(`id`, `name`, `type`, `idx`, `prop_id`, `prop_sub_id`, `relation_id`, `width`, `height`, `form_init_value`, `form_init_replace_empty`, `form_init_replace`, `form_submit_value`, `form_submit_replace_empty`, `form_submit_replace`, `form_submit`, `form_row_span`, `form_col_span`, `form_required`, `form_value_max`, `form_value_min`, `form_readonly`, `form_related_crud`, `form_selector_single`, `form_inputor_search`, `form_inputor_data`, `form_filter_prop`, `form_filter_value`, `list_order_type`, `list_order_idx`, `list_sql`, `list_expression`, `list_buttons`, `search_filter`, `search_type`, `search_expression`, `number_scale`, `dict_type`, `view_id`, `data`)
VALUES ('l0_sys_dept_leader', '负责人', 'textfield', '6', 'sys_dept_leader', null, null, '160', '0', null, 'Y', 'N', null, 'N', 'N', 'Y', '1', '1', 'N', null, null, 'N', null, 'Y', null, null, null, null, 'ASC', '-1', null, null, null, 'N', null, null, '0', null, 'l0_sys_dept', null);
INSERT INTO rva_viewproperty
(`id`, `name`, `type`, `idx`, `prop_id`, `prop_sub_id`, `relation_id`, `width`, `height`, `form_init_value`, `form_init_replace_empty`, `form_init_replace`, `form_submit_value`, `form_submit_replace_empty`, `form_submit_replace`, `form_submit`, `form_row_span`, `form_col_span`, `form_required`, `form_value_max`, `form_value_min`, `form_readonly`, `form_related_crud`, `form_selector_single`, `form_inputor_search`, `form_inputor_data`, `form_filter_prop`, `form_filter_value`, `list_order_type`, `list_order_idx`, `list_sql`, `list_expression`, `list_buttons`, `search_filter`, `search_type`, `search_expression`, `number_scale`, `dict_type`, `view_id`, `data`)
VALUES ('l0_sys_dept_phone', '联系电话', 'textfield', '7', 'sys_dept_phone', null, null, '160', '0', null, 'Y', 'N', null, 'N', 'N', 'Y', '1', '1', 'N', null, null, 'N', null, 'Y', null, null, null, null, 'ASC', '-1', null, null, null, 'N', null, null, '0', null, 'l0_sys_dept', null);
INSERT INTO rva_viewproperty
(`id`, `name`, `type`, `idx`, `prop_id`, `prop_sub_id`, `relation_id`, `width`, `height`, `form_init_value`, `form_init_replace_empty`, `form_init_replace`, `form_submit_value`, `form_submit_replace_empty`, `form_submit_replace`, `form_submit`, `form_row_span`, `form_col_span`, `form_required`, `form_value_max`, `form_value_min`, `form_readonly`, `form_related_crud`, `form_selector_single`, `form_inputor_search`, `form_inputor_data`, `form_filter_prop`, `form_filter_value`, `list_order_type`, `list_order_idx`, `list_sql`, `list_expression`, `list_buttons`, `search_filter`, `search_type`, `search_expression`, `number_scale`, `dict_type`, `view_id`, `data`)
VALUES ('l0_sys_dept_email', '邮箱', 'textfield', '8', 'sys_dept_email', null, null, '160', '0', null, 'Y', 'N', null, 'N', 'N', 'Y', '1', '1', 'N', null, null, 'N', null, 'Y', null, null, null, null, 'ASC', '-1', null, null, null, 'N', null, null, '0', null, 'l0_sys_dept', null);
INSERT INTO rva_viewproperty
(`id`, `name`, `type`, `idx`, `prop_id`, `prop_sub_id`, `relation_id`, `width`, `height`, `form_init_value`, `form_init_replace_empty`, `form_init_replace`, `form_submit_value`, `form_submit_replace_empty`, `form_submit_replace`, `form_submit`, `form_row_span`, `form_col_span`, `form_required`, `form_value_max`, `form_value_min`, `form_readonly`, `form_related_crud`, `form_selector_single`, `form_inputor_search`, `form_inputor_data`, `form_filter_prop`, `form_filter_value`, `list_order_type`, `list_order_idx`, `list_sql`, `list_expression`, `list_buttons`, `search_filter`, `search_type`, `search_expression`, `number_scale`, `dict_type`, `view_id`, `data`)
VALUES ('l0_sys_dept_status', '部门状态', 'dictionary', '9', 'sys_dept_status', null, null, '160', '0', null, 'Y', 'N', null, 'N', 'N', 'Y', '1', '1', 'N', null, null, 'N', null, 'Y', null, null, null, null, 'ASC', '-1', null, null, null, 'N', null, null, '0', 'sys_dept_bumenzhuangtai', 'l0_sys_dept', null);
INSERT INTO rva_viewproperty
(`id`, `name`, `type`, `idx`, `prop_id`, `prop_sub_id`, `relation_id`, `width`, `height`, `form_init_value`, `form_init_replace_empty`, `form_init_replace`, `form_submit_value`, `form_submit_replace_empty`, `form_submit_replace`, `form_submit`, `form_row_span`, `form_col_span`, `form_required`, `form_value_max`, `form_value_min`, `form_readonly`, `form_related_crud`, `form_selector_single`, `form_inputor_search`, `form_inputor_data`, `form_filter_prop`, `form_filter_value`, `list_order_type`, `list_order_idx`, `list_sql`, `list_expression`, `list_buttons`, `search_filter`, `search_type`, `search_expression`, `number_scale`, `dict_type`, `view_id`, `data`)
VALUES ('l0_sys_dept_del_flag', '删除标志', 'dictionary', '10', 'sys_dept_del_flag', null, null, '160', '0', null, 'Y', 'N', null, 'N', 'N', 'Y', '1', '1', 'N', null, null, 'N', null, 'Y', null, null, null, null, 'ASC', '-1', null, null, null, 'N', null, null, '0', 'sys_dept_shanchubiaozhi', 'l0_sys_dept', null);
INSERT INTO rva_viewproperty
(`id`, `name`, `type`, `idx`, `prop_id`, `prop_sub_id`, `relation_id`, `width`, `height`, `form_init_value`, `form_init_replace_empty`, `form_init_replace`, `form_submit_value`, `form_submit_replace_empty`, `form_submit_replace`, `form_submit`, `form_row_span`, `form_col_span`, `form_required`, `form_value_max`, `form_value_min`, `form_readonly`, `form_related_crud`, `form_selector_single`, `form_inputor_search`, `form_inputor_data`, `form_filter_prop`, `form_filter_value`, `list_order_type`, `list_order_idx`, `list_sql`, `list_expression`, `list_buttons`, `search_filter`, `search_type`, `search_expression`, `number_scale`, `dict_type`, `view_id`, `data`)
VALUES ('l0_sys_dept_create_by', '创建者', 'textfield', '11', 'sys_dept_create_by', null, null, '160', '0', null, 'Y', 'N', null, 'N', 'N', 'Y', '1', '1', 'N', null, null, 'N', null, 'Y', null, null, null, null, 'ASC', '-1', null, null, null, 'N', null, null, '0', null, 'l0_sys_dept', '{\"formatter\":\"#if(${currentPropValue}) select user_name from sys_user where user_id = \'${currentPropValue}\' #end\"}');
INSERT INTO rva_viewproperty
(`id`, `name`, `type`, `idx`, `prop_id`, `prop_sub_id`, `relation_id`, `width`, `height`, `form_init_value`, `form_init_replace_empty`, `form_init_replace`, `form_submit_value`, `form_submit_replace_empty`, `form_submit_replace`, `form_submit`, `form_row_span`, `form_col_span`, `form_required`, `form_value_max`, `form_value_min`, `form_readonly`, `form_related_crud`, `form_selector_single`, `form_inputor_search`, `form_inputor_data`, `form_filter_prop`, `form_filter_value`, `list_order_type`, `list_order_idx`, `list_sql`, `list_expression`, `list_buttons`, `search_filter`, `search_type`, `search_expression`, `number_scale`, `dict_type`, `view_id`, `data`)
VALUES ('l0_sys_dept_create_time', '创建时间', 'datetime', '12', 'sys_dept_create_time', null, null, '160', '0', null, 'Y', 'N', null, 'N', 'N', 'Y', '1', '1', 'N', null, null, 'N', null, 'Y', null, null, null, null, 'DESC', '0', null, null, null, 'N', null, null, '0', null, 'l0_sys_dept', null);
INSERT INTO rva_viewproperty
(`id`, `name`, `type`, `idx`, `prop_id`, `prop_sub_id`, `relation_id`, `width`, `height`, `form_init_value`, `form_init_replace_empty`, `form_init_replace`, `form_submit_value`, `form_submit_replace_empty`, `form_submit_replace`, `form_submit`, `form_row_span`, `form_col_span`, `form_required`, `form_value_max`, `form_value_min`, `form_readonly`, `form_related_crud`, `form_selector_single`, `form_inputor_search`, `form_inputor_data`, `form_filter_prop`, `form_filter_value`, `list_order_type`, `list_order_idx`, `list_sql`, `list_expression`, `list_buttons`, `search_filter`, `search_type`, `search_expression`, `number_scale`, `dict_type`, `view_id`, `data`)
VALUES ('l0_sys_dept_update_by', '更新者', 'textfield', '13', 'sys_dept_update_by', null, null, '160', '0', null, 'Y', 'N', null, 'N', 'N', 'Y', '1', '1', 'N', null, null, 'N', null, 'Y', null, null, null, null, 'ASC', '-1', null, null, null, 'N', null, null, '0', null, 'l0_sys_dept', '{\"formatter\":\"#if(${currentPropValue}) select user_name from sys_user where user_id = \'${currentPropValue}\' #end\"}');
INSERT INTO rva_viewproperty
(`id`, `name`, `type`, `idx`, `prop_id`, `prop_sub_id`, `relation_id`, `width`, `height`, `form_init_value`, `form_init_replace_empty`, `form_init_replace`, `form_submit_value`, `form_submit_replace_empty`, `form_submit_replace`, `form_submit`, `form_row_span`, `form_col_span`, `form_required`, `form_value_max`, `form_value_min`, `form_readonly`, `form_related_crud`, `form_selector_single`, `form_inputor_search`, `form_inputor_data`, `form_filter_prop`, `form_filter_value`, `list_order_type`, `list_order_idx`, `list_sql`, `list_expression`, `list_buttons`, `search_filter`, `search_type`, `search_expression`, `number_scale`, `dict_type`, `view_id`, `data`)
VALUES ('l0_sys_dept_update_time', '更新时间', 'datetime', '14', 'sys_dept_update_time', null, null, '160', '0', null, 'Y', 'N', null, 'N', 'N', 'Y', '1', '1', 'N', null, null, 'N', null, 'Y', null, null, null, null, 'ASC', '-1', null, null, null, 'N', null, null, '0', null, 'l0_sys_dept', null);
INSERT INTO rva_viewproperty
(`id`, `name`, `type`, `idx`, `prop_id`, `prop_sub_id`, `relation_id`, `width`, `height`, `form_init_value`, `form_init_replace_empty`, `form_init_replace`, `form_submit_value`, `form_submit_replace_empty`, `form_submit_replace`, `form_submit`, `form_row_span`, `form_col_span`, `form_required`, `form_value_max`, `form_value_min`, `form_readonly`, `form_related_crud`, `form_selector_single`, `form_inputor_search`, `form_inputor_data`, `form_filter_prop`, `form_filter_value`, `list_order_type`, `list_order_idx`, `list_sql`, `list_expression`, `list_buttons`, `search_filter`, `search_type`, `search_expression`, `number_scale`, `dict_type`, `view_id`, `data`)
VALUES ('l0_sys_dept_type', '类型', 'dictionary', '15', 'sys_dept_type', null, null, '160', '0', null, 'Y', 'N', null, 'N', 'N', 'Y', '1', '1', 'N', null, null, 'N', null, 'Y', null, null, null, null, 'ASC', '-1', null, null, null, 'N', null, null, '0', 'sys_dept_leixing', 'l0_sys_dept', null);
INSERT INTO rva_viewproperty
(`id`, `name`, `type`, `idx`, `prop_id`, `prop_sub_id`, `relation_id`, `width`, `height`, `form_init_value`, `form_init_replace_empty`, `form_init_replace`, `form_submit_value`, `form_submit_replace_empty`, `form_submit_replace`, `form_submit`, `form_row_span`, `form_col_span`, `form_required`, `form_value_max`, `form_value_min`, `form_readonly`, `form_related_crud`, `form_selector_single`, `form_inputor_search`, `form_inputor_data`, `form_filter_prop`, `form_filter_value`, `list_order_type`, `list_order_idx`, `list_sql`, `list_expression`, `list_buttons`, `search_filter`, `search_type`, `search_expression`, `number_scale`, `dict_type`, `view_id`, `data`)
VALUES ('l0_sys_dept_operation', '操作', 'button', '999', null, null, null, '0', '0', null, 'Y', 'N', null, 'N', 'N', 'Y', '1', '1', 'N', null, null, 'N', null, 'Y', null, null, null, null, 'ASC', '-1', null, null, 'l0_sys_dept_update,l0_sys_dept_delete_inner', 'N', null, null, '0', null, 'l0_sys_dept', null);
-- view - rva_viewproperty : l0_sys_dept -- end --
-- view - rva_viewbutton : l0_sys_dept -- start --
delete from rva_viewbutton where view_id = 'l0_sys_dept';
INSERT INTO rva_viewbutton
(`id`, `name`, `type`, `idx`, `icon`, `cls`, `position`, `readonly_show`, `action`, `action_url`, `action_dialog_view_id`, `action_dialog_app_id`, `action_success`, `action_failure`, `select_type`, `show_if`, `view_id`, `data`)
VALUES ('l0_sys_dept_create', '新建', 'form', '0', 'el-icon-plus', 'primary', 'top', 'N', 'dialog', null, 'c0_sys_dept', null, null, null, 'none', null, 'l0_sys_dept', '{\"cascadeDelete\":\"N\"}');
INSERT INTO rva_viewbutton
(`id`, `name`, `type`, `idx`, `icon`, `cls`, `position`, `readonly_show`, `action`, `action_url`, `action_dialog_view_id`, `action_dialog_app_id`, `action_success`, `action_failure`, `select_type`, `show_if`, `view_id`, `data`)
VALUES ('l0_sys_dept_update', '修改', 'form', '0', 'el-icon-edit', 'primary', 'inner', 'N', 'dialog', null, 'u0_sys_dept', null, null, null, 'single', null, 'l0_sys_dept', '{\"cascadeDelete\":\"N\"}');
INSERT INTO rva_viewbutton
(`id`, `name`, `type`, `idx`, `icon`, `cls`, `position`, `readonly_show`, `action`, `action_url`, `action_dialog_view_id`, `action_dialog_app_id`, `action_success`, `action_failure`, `select_type`, `show_if`, `view_id`, `data`)
VALUES ('l0_sys_dept_delete_inner', '删除', 'ajax', '1', 'el-icon-delete', 'danger', 'inner', 'N', null, '/rva/view/l0_sys_dept/delete', null, null, 'loadList', null, 'single', null, 'l0_sys_dept', '{\"cascadeDelete\":\"N\"}');
INSERT INTO rva_viewbutton
(`id`, `name`, `type`, `idx`, `icon`, `cls`, `position`, `readonly_show`, `action`, `action_url`, `action_dialog_view_id`, `action_dialog_app_id`, `action_success`, `action_failure`, `select_type`, `show_if`, `view_id`, `data`)
VALUES ('l0_sys_dept_delete_top', '删除', 'ajax', '1', 'el-icon-delete', 'danger', 'top', 'N', null, '/rva/view/l0_sys_dept/delete', null, null, 'loadList', null, 'multiple', null, 'l0_sys_dept', '{\"cascadeDelete\":\"N\"}');
-- view - rva_viewbutton : l0_sys_dept -- end --
-- view - rva_trigger : l0_sys_dept -- start --
delete from rva_triggeraction where trigger_id in (select id from rva_trigger where view_id = 'l0_sys_dept');
delete from rva_trigger where view_id = 'l0_sys_dept';
-- view - rva_trigger : l0_sys_dept -- end --
-- view - rva_view : l0_sys_dept -- start --
delete from rva_view where id = 'l0_sys_dept';
INSERT INTO rva_view
(`id`, `name`, `type`, `idx`, `width`, `height`, `obj_id`, `load_before_sql`, `load_after_sql`, `load_sql`, `load_where`, `form_columns`, `form_readonly`, `load_url`, `form_submit_url`, `form_submit_before_sql`, `form_submit_after_sql`, `list_rows`, `list_paging`, `data`)
VALUES ('l0_sys_dept', '部门表列表', 'list', '0', '720', '500', 'sys_dept', null, null, null, 'type=2', '1', 'N', '/rva/view/l0_sys_dept/load/list?searchId=s0_sys_dept', null, null, null, '10', 'Y', '{\"logName\": null, \"cascaded\": \"N\", \"logTable\": \"N\", \"logWhere\": null, \"logFkValue\": null, \"logKeyValue\": null}');
-- view - rva_view : l0_sys_dept -- end --
-- view : l0_sys_dept -- end --
-- view : s0_sys_dept -- start --
-- view - rva_viewproperty : s0_sys_dept -- start --
delete from rva_viewproperty where view_id = 's0_sys_dept';
INSERT INTO rva_viewproperty
(`id`, `name`, `type`, `idx`, `prop_id`, `prop_sub_id`, `relation_id`, `width`, `height`, `form_init_value`, `form_init_replace_empty`, `form_init_replace`, `form_submit_value`, `form_submit_replace_empty`, `form_submit_replace`, `form_submit`, `form_row_span`, `form_col_span`, `form_required`, `form_value_max`, `form_value_min`, `form_readonly`, `form_related_crud`, `form_selector_single`, `form_inputor_search`, `form_inputor_data`, `form_filter_prop`, `form_filter_value`, `list_order_type`, `list_order_idx`, `list_sql`, `list_expression`, `list_buttons`, `search_filter`, `search_type`, `search_expression`, `number_scale`, `dict_type`, `view_id`, `data`)
VALUES ('s0_sys_dept_parent_id', '父部门id', 'textfield', '0', 'sys_dept_parent_id', null, null, '200', '0', null, 'Y', 'N', null, 'N', 'N', 'Y', '1', '1', 'N', null, null, 'N', null, 'Y', null, null, null, null, 'ASC', '-1', null, null, null, 'N', 'like', null, '0', null, 's0_sys_dept', null);
-- view - rva_viewproperty : s0_sys_dept -- end --
-- view - rva_viewbutton : s0_sys_dept -- start --
delete from rva_viewbutton where view_id = 's0_sys_dept';
-- view - rva_viewbutton : s0_sys_dept -- end --
-- view - rva_trigger : s0_sys_dept -- start --
delete from rva_triggeraction where trigger_id in (select id from rva_trigger where view_id = 's0_sys_dept');
delete from rva_trigger where view_id = 's0_sys_dept';
-- view - rva_trigger : s0_sys_dept -- end --
-- view - rva_view : s0_sys_dept -- start --
delete from rva_view where id = 's0_sys_dept';
INSERT INTO rva_view
(`id`, `name`, `type`, `idx`, `width`, `height`, `obj_id`, `load_before_sql`, `load_after_sql`, `load_sql`, `load_where`, `form_columns`, `form_readonly`, `load_url`, `form_submit_url`, `form_submit_before_sql`, `form_submit_after_sql`, `list_rows`, `list_paging`, `data`)
VALUES ('s0_sys_dept', '查询部门表', 'search', '0', '0', '0', 'sys_dept', null, null, null, null, '1', 'N', null, null, null, null, '10', 'Y', '{\"logWhere\":null,\"logTable\":\"N\",\"logFkValue\":null,\"logKeyValue\":null,\"logName\":null,\"cascaded\":\"N\"}');
-- view - rva_view : s0_sys_dept -- end --
-- view : s0_sys_dept -- end --
-- app - rva_appitem : crud0_sys_dept -- start --
delete from rva_appitem where app_id = 'crud0_sys_dept';
INSERT INTO rva_appitem
(`id`, `name`, `idx`, `related_app_type`, `related_app_id`, `show_if`, `type`, `sub_type`, `parent_id`, `app_id`, `data`)
VALUES ('crud0_sys_dept_create', '新建部门表', '0', 'form', 'c0_sys_dept', null, 'create', null, null, 'crud0_sys_dept', null);
INSERT INTO rva_appitem
(`id`, `name`, `idx`, `related_app_type`, `related_app_id`, `show_if`, `type`, `sub_type`, `parent_id`, `app_id`, `data`)
VALUES ('crud0_sys_dept_update', '修改部门表', '1', 'form', 'u0_sys_dept', null, 'update', null, null, 'crud0_sys_dept', null);
INSERT INTO rva_appitem
(`id`, `name`, `idx`, `related_app_type`, `related_app_id`, `show_if`, `type`, `sub_type`, `parent_id`, `app_id`, `data`)
VALUES ('crud0_sys_dept_list', '部门表列表', '2', 'list', 'l0_sys_dept', null, 'list', null, null, 'crud0_sys_dept', null);
INSERT INTO rva_appitem
(`id`, `name`, `idx`, `related_app_type`, `related_app_id`, `show_if`, `type`, `sub_type`, `parent_id`, `app_id`, `data`)
VALUES ('crud0_sys_dept_search', '查询部门表', '3', 'search', 's0_sys_dept', null, 'search', null, null, 'crud0_sys_dept', null);
-- app - rva_appitem : crud0_sys_dept -- end --
-- app - rva_app : crud0_sys_dept -- start --
delete from rva_app where id = 'crud0_sys_dept';
INSERT INTO rva_app
(`id`, `name`, `type`, `idx`, `obj_id`, `template`, `list_template`, `status`, `views`, `apps`, `data`)
VALUES ('crud0_sys_dept', '部门（直播平台）', 'crud', '0', 'sys_dept', 'rva/app/crud', null, '1', null, null, '{\"cascaded\": \"N\", \"cascadeDelete\": \"Y\", \"relatedUpdateForm\": \"\", \"shareQueryContext\": \"\", \"actProcessDefinitionKey\": \"\"}');
-- app - rva_app : crud0_sys_dept -- end --
-- app : crud0_sys_dept -- end --

